ISO-10303-21;
HEADER;
FILE_DESCRIPTION(('KiCad electronic assembly'),'2;1');
FILE_NAME('MarsRover-platine.step','2026-10-07T19:07:58',('Pcbnew'),(
    'Kicad'),'Open CASCADE STEP processor 7.9','KiCad to STEP converter'
  ,'Unknown');
FILE_SCHEMA(('AUTOMOTIVE_DESIGN { 1 0 10303 214 1 1 1 1 }'));
ENDSEC;
DATA;
#1 = APPLICATION_PROTOCOL_DEFINITION('international standard',
  'automotive_design',2000,#2);
#2 = APPLICATION_CONTEXT(
  'core data for automotive mechanical design processes');
#3 = SHAPE_DEFINITION_REPRESENTATION(#4,#10);
#4 = PRODUCT_DEFINITION_SHAPE('','',#5);
#5 = PRODUCT_DEFINITION('design','',#6,#9);
#6 = PRODUCT_DEFINITION_FORMATION('','',#7);
#7 = PRODUCT('MarsRover-platine 1','MarsRover-platine 1','',(#8));
#8 = PRODUCT_CONTEXT('',#2,'mechanical');
#9 = PRODUCT_DEFINITION_CONTEXT('part definition',#2,'design');
#10 = SHAPE_REPRESENTATION('',(#11,#15),#19);
#11 = AXIS2_PLACEMENT_3D('',#12,#13,#14);
#12 = CARTESIAN_POINT('',(0.,0.,0.));
#13 = DIRECTION('',(0.,0.,1.));
#14 = DIRECTION('',(1.,0.,-0.));
#15 = AXIS2_PLACEMENT_3D('',#16,#17,#18);
#16 = CARTESIAN_POINT('',(0.,0.,0.));
#17 = DIRECTION('',(0.,0.,1.));
#18 = DIRECTION('',(1.,0.,-0.));
#19 = ( GEOMETRIC_REPRESENTATION_CONTEXT(3) 
GLOBAL_UNCERTAINTY_ASSIGNED_CONTEXT((#23)) GLOBAL_UNIT_ASSIGNED_CONTEXT(
(#20,#21,#22)) REPRESENTATION_CONTEXT('Context #1',
  '3D Context with UNIT and UNCERTAINTY') );
#20 = ( LENGTH_UNIT() NAMED_UNIT(*) SI_UNIT(.MILLI.,.METRE.) );
#21 = ( NAMED_UNIT(*) PLANE_ANGLE_UNIT() SI_UNIT($,.RADIAN.) );
#22 = ( NAMED_UNIT(*) SI_UNIT($,.STERADIAN.) SOLID_ANGLE_UNIT() );
#23 = UNCERTAINTY_MEASURE_WITH_UNIT(LENGTH_MEASURE(1.E-07),#20,
  'distance_accuracy_value','confusion accuracy');
#24 = PRODUCT_RELATED_PRODUCT_CATEGORY('part',$,(#7));
#25 = SHAPE_DEFINITION_REPRESENTATION(#26,#32);
#26 = PRODUCT_DEFINITION_SHAPE('','',#27);
#27 = PRODUCT_DEFINITION('design','',#28,#31);
#28 = PRODUCT_DEFINITION_FORMATION('','',#29);
#29 = PRODUCT('MarsRover_PCB','MarsRover_PCB','',(#30));
#30 = PRODUCT_CONTEXT('',#2,'mechanical');
#31 = PRODUCT_DEFINITION_CONTEXT('part definition',#2,'design');
#32 = ADVANCED_BREP_SHAPE_REPRESENTATION('',(#11,#33),#4356);
#33 = MANIFOLD_SOLID_BREP('',#34);
#34 = CLOSED_SHELL('',(#35,#75,#106,#137,#1331,#2525,#2537,#2554,#2571,
    #2588,#2605,#2622,#2639,#2656,#2673,#2690,#2707,#2724,#2741,#2758,
    #2775,#2792,#2809,#2826,#2843,#2860,#2877,#2894,#2911,#2928,#2945,
    #2962,#2979,#2996,#3013,#3030,#3047,#3064,#3081,#3098,#3115,#3132,
    #3149,#3166,#3183,#3200,#3217,#3234,#3251,#3268,#3285,#3302,#3319,
    #3336,#3353,#3370,#3387,#3404,#3421,#3438,#3455,#3472,#3489,#3506,
    #3523,#3540,#3557,#3574,#3591,#3608,#3625,#3642,#3659,#3676,#3693,
    #3710,#3727,#3744,#3761,#3778,#3795,#3812,#3829,#3846,#3863,#3880,
    #3897,#3914,#3931,#3948,#3965,#3982,#3999,#4016,#4033,#4050,#4067,
    #4084,#4101,#4118,#4135,#4152,#4169,#4186,#4203,#4220,#4237,#4254,
    #4271,#4288,#4305,#4322,#4339));
#35 = ADVANCED_FACE('',(#36),#70,.T.);
#36 = FACE_BOUND('',#37,.T.);
#37 = EDGE_LOOP('',(#38,#48,#56,#64));
#38 = ORIENTED_EDGE('',*,*,#39,.T.);
#39 = EDGE_CURVE('',#40,#42,#44,.T.);
#40 = VERTEX_POINT('',#41);
#41 = CARTESIAN_POINT('',(165.,-112.,0.));
#42 = VERTEX_POINT('',#43);
#43 = CARTESIAN_POINT('',(165.,-112.,0.91));
#44 = LINE('',#45,#46);
#45 = CARTESIAN_POINT('',(165.,-112.,0.));
#46 = VECTOR('',#47,1.);
#47 = DIRECTION('',(0.,0.,1.));
#48 = ORIENTED_EDGE('',*,*,#49,.T.);
#49 = EDGE_CURVE('',#42,#50,#52,.T.);
#50 = VERTEX_POINT('',#51);
#51 = CARTESIAN_POINT('',(95.,-112.,0.91));
#52 = LINE('',#53,#54);
#53 = CARTESIAN_POINT('',(165.,-112.,0.91));
#54 = VECTOR('',#55,1.);
#55 = DIRECTION('',(-1.,0.,0.));
#56 = ORIENTED_EDGE('',*,*,#57,.F.);
#57 = EDGE_CURVE('',#58,#50,#60,.T.);
#58 = VERTEX_POINT('',#59);
#59 = CARTESIAN_POINT('',(95.,-112.,0.));
#60 = LINE('',#61,#62);
#61 = CARTESIAN_POINT('',(95.,-112.,0.));
#62 = VECTOR('',#63,1.);
#63 = DIRECTION('',(0.,0.,1.));
#64 = ORIENTED_EDGE('',*,*,#65,.F.);
#65 = EDGE_CURVE('',#40,#58,#66,.T.);
#66 = LINE('',#67,#68);
#67 = CARTESIAN_POINT('',(165.,-112.,0.));
#68 = VECTOR('',#69,1.);
#69 = DIRECTION('',(-1.,0.,0.));
#70 = PLANE('',#71);
#71 = AXIS2_PLACEMENT_3D('',#72,#73,#74);
#72 = CARTESIAN_POINT('',(165.,-112.,0.));
#73 = DIRECTION('',(0.,-1.,0.));
#74 = DIRECTION('',(-1.,0.,0.));
#75 = ADVANCED_FACE('',(#76),#101,.T.);
#76 = FACE_BOUND('',#77,.T.);
#77 = EDGE_LOOP('',(#78,#88,#94,#95));
#78 = ORIENTED_EDGE('',*,*,#79,.T.);
#79 = EDGE_CURVE('',#80,#82,#84,.T.);
#80 = VERTEX_POINT('',#81);
#81 = CARTESIAN_POINT('',(165.,-60.,0.));
#82 = VERTEX_POINT('',#83);
#83 = CARTESIAN_POINT('',(165.,-60.,0.91));
#84 = LINE('',#85,#86);
#85 = CARTESIAN_POINT('',(165.,-60.,0.));
#86 = VECTOR('',#87,1.);
#87 = DIRECTION('',(0.,0.,1.));
#88 = ORIENTED_EDGE('',*,*,#89,.T.);
#89 = EDGE_CURVE('',#82,#42,#90,.T.);
#90 = LINE('',#91,#92);
#91 = CARTESIAN_POINT('',(165.,-60.,0.91));
#92 = VECTOR('',#93,1.);
#93 = DIRECTION('',(0.,-1.,0.));
#94 = ORIENTED_EDGE('',*,*,#39,.F.);
#95 = ORIENTED_EDGE('',*,*,#96,.F.);
#96 = EDGE_CURVE('',#80,#40,#97,.T.);
#97 = LINE('',#98,#99);
#98 = CARTESIAN_POINT('',(165.,-60.,0.));
#99 = VECTOR('',#100,1.);
#100 = DIRECTION('',(0.,-1.,0.));
#101 = PLANE('',#102);
#102 = AXIS2_PLACEMENT_3D('',#103,#104,#105);
#103 = CARTESIAN_POINT('',(165.,-60.,0.));
#104 = DIRECTION('',(1.,0.,-0.));
#105 = DIRECTION('',(0.,-1.,0.));
#106 = ADVANCED_FACE('',(#107),#132,.T.);
#107 = FACE_BOUND('',#108,.T.);
#108 = EDGE_LOOP('',(#109,#110,#118,#126));
#109 = ORIENTED_EDGE('',*,*,#57,.T.);
#110 = ORIENTED_EDGE('',*,*,#111,.T.);
#111 = EDGE_CURVE('',#50,#112,#114,.T.);
#112 = VERTEX_POINT('',#113);
#113 = CARTESIAN_POINT('',(95.,-60.,0.91));
#114 = LINE('',#115,#116);
#115 = CARTESIAN_POINT('',(95.,-112.,0.91));
#116 = VECTOR('',#117,1.);
#117 = DIRECTION('',(0.,1.,0.));
#118 = ORIENTED_EDGE('',*,*,#119,.F.);
#119 = EDGE_CURVE('',#120,#112,#122,.T.);
#120 = VERTEX_POINT('',#121);
#121 = CARTESIAN_POINT('',(95.,-60.,0.));
#122 = LINE('',#123,#124);
#123 = CARTESIAN_POINT('',(95.,-60.,0.));
#124 = VECTOR('',#125,1.);
#125 = DIRECTION('',(0.,0.,1.));
#126 = ORIENTED_EDGE('',*,*,#127,.F.);
#127 = EDGE_CURVE('',#58,#120,#128,.T.);
#128 = LINE('',#129,#130);
#129 = CARTESIAN_POINT('',(95.,-112.,0.));
#130 = VECTOR('',#131,1.);
#131 = DIRECTION('',(0.,1.,0.));
#132 = PLANE('',#133);
#133 = AXIS2_PLACEMENT_3D('',#134,#135,#136);
#134 = CARTESIAN_POINT('',(95.,-112.,0.));
#135 = DIRECTION('',(-1.,0.,0.));
#136 = DIRECTION('',(0.,1.,0.));
#137 = ADVANCED_FACE('',(#138,#149,#160,#171,#182,#193,#204,#215,#226,
    #237,#248,#259,#270,#281,#292,#303,#314,#325,#336,#347,#358,#369,
    #380,#391,#402,#413,#424,#435,#446,#457,#468,#479,#490,#501,#512,
    #523,#534,#545,#556,#567,#578,#589,#600,#611,#622,#633,#644,#655,
    #666,#677,#688,#699,#710,#721,#732,#743,#754,#765,#776,#787,#798,
    #809,#820,#831,#842,#853,#864,#875,#886,#897,#908,#919,#930,#941,
    #952,#963,#974,#985,#996,#1007,#1018,#1029,#1040,#1051,#1062,#1073,
    #1084,#1095,#1106,#1117,#1128,#1139,#1150,#1161,#1172,#1183,#1194,
    #1205,#1216,#1227,#1238,#1249,#1260,#1271,#1282,#1293,#1304,#1315),
  #1326,.F.);
#138 = FACE_BOUND('',#139,.F.);
#139 = EDGE_LOOP('',(#140,#141,#142,#148));
#140 = ORIENTED_EDGE('',*,*,#65,.F.);
#141 = ORIENTED_EDGE('',*,*,#96,.F.);
#142 = ORIENTED_EDGE('',*,*,#143,.F.);
#143 = EDGE_CURVE('',#120,#80,#144,.T.);
#144 = LINE('',#145,#146);
#145 = CARTESIAN_POINT('',(95.,-60.,0.));
#146 = VECTOR('',#147,1.);
#147 = DIRECTION('',(1.,0.,0.));
#148 = ORIENTED_EDGE('',*,*,#127,.F.);
#149 = FACE_BOUND('',#150,.F.);
#150 = EDGE_LOOP('',(#151));
#151 = ORIENTED_EDGE('',*,*,#152,.T.);
#152 = EDGE_CURVE('',#153,#153,#155,.T.);
#153 = VERTEX_POINT('',#154);
#154 = CARTESIAN_POINT('',(97.73,-109.95,0.));
#155 = CIRCLE('',#156,0.45);
#156 = AXIS2_PLACEMENT_3D('',#157,#158,#159);
#157 = CARTESIAN_POINT('',(97.73,-109.5,0.));
#158 = DIRECTION('',(-0.,0.,-1.));
#159 = DIRECTION('',(-0.,-1.,0.));
#160 = FACE_BOUND('',#161,.F.);
#161 = EDGE_LOOP('',(#162));
#162 = ORIENTED_EDGE('',*,*,#163,.T.);
#163 = EDGE_CURVE('',#164,#164,#166,.T.);
#164 = VERTEX_POINT('',#165);
#165 = CARTESIAN_POINT('',(100.27,-109.95,0.));
#166 = CIRCLE('',#167,0.45);
#167 = AXIS2_PLACEMENT_3D('',#168,#169,#170);
#168 = CARTESIAN_POINT('',(100.27,-109.5,0.));
#169 = DIRECTION('',(-0.,0.,-1.));
#170 = DIRECTION('',(-0.,-1.,0.));
#171 = FACE_BOUND('',#172,.F.);
#172 = EDGE_LOOP('',(#173));
#173 = ORIENTED_EDGE('',*,*,#174,.T.);
#174 = EDGE_CURVE('',#175,#175,#177,.T.);
#175 = VERTEX_POINT('',#176);
#176 = CARTESIAN_POINT('',(103.19,-109.9,0.));
#177 = CIRCLE('',#178,0.4);
#178 = AXIS2_PLACEMENT_3D('',#179,#180,#181);
#179 = CARTESIAN_POINT('',(103.19,-109.5,0.));
#180 = DIRECTION('',(-0.,0.,-1.));
#181 = DIRECTION('',(-0.,-1.,0.));
#182 = FACE_BOUND('',#183,.F.);
#183 = EDGE_LOOP('',(#184));
#184 = ORIENTED_EDGE('',*,*,#185,.T.);
#185 = EDGE_CURVE('',#186,#186,#188,.T.);
#186 = VERTEX_POINT('',#187);
#187 = CARTESIAN_POINT('',(110.81,-109.9,0.));
#188 = CIRCLE('',#189,0.4);
#189 = AXIS2_PLACEMENT_3D('',#190,#191,#192);
#190 = CARTESIAN_POINT('',(110.81,-109.5,0.));
#191 = DIRECTION('',(-0.,0.,-1.));
#192 = DIRECTION('',(-0.,-1.,0.));
#193 = FACE_BOUND('',#194,.F.);
#194 = EDGE_LOOP('',(#195));
#195 = ORIENTED_EDGE('',*,*,#196,.T.);
#196 = EDGE_CURVE('',#197,#197,#199,.T.);
#197 = VERTEX_POINT('',#198);
#198 = CARTESIAN_POINT('',(98.5,-100.375,0.));
#199 = CIRCLE('',#200,0.375);
#200 = AXIS2_PLACEMENT_3D('',#201,#202,#203);
#201 = CARTESIAN_POINT('',(98.5,-100.,0.));
#202 = DIRECTION('',(-0.,0.,-1.));
#203 = DIRECTION('',(-0.,-1.,0.));
#204 = FACE_BOUND('',#205,.F.);
#205 = EDGE_LOOP('',(#206));
#206 = ORIENTED_EDGE('',*,*,#207,.T.);
#207 = EDGE_CURVE('',#208,#208,#210,.T.);
#208 = VERTEX_POINT('',#209);
#209 = CARTESIAN_POINT('',(100.5,-100.375,0.));
#210 = CIRCLE('',#211,0.375);
#211 = AXIS2_PLACEMENT_3D('',#212,#213,#214);
#212 = CARTESIAN_POINT('',(100.5,-100.,0.));
#213 = DIRECTION('',(-0.,0.,-1.));
#214 = DIRECTION('',(-0.,-1.,0.));
#215 = FACE_BOUND('',#216,.F.);
#216 = EDGE_LOOP('',(#217));
#217 = ORIENTED_EDGE('',*,*,#218,.T.);
#218 = EDGE_CURVE('',#219,#219,#221,.T.);
#219 = VERTEX_POINT('',#220);
#220 = CARTESIAN_POINT('',(109.75,-103.4,0.));
#221 = CIRCLE('',#222,0.4);
#222 = AXIS2_PLACEMENT_3D('',#223,#224,#225);
#223 = CARTESIAN_POINT('',(109.75,-103.,0.));
#224 = DIRECTION('',(-0.,0.,-1.));
#225 = DIRECTION('',(-0.,-1.,0.));
#226 = FACE_BOUND('',#227,.F.);
#227 = EDGE_LOOP('',(#228));
#228 = ORIENTED_EDGE('',*,*,#229,.T.);
#229 = EDGE_CURVE('',#230,#230,#232,.T.);
#230 = VERTEX_POINT('',#231);
#231 = CARTESIAN_POINT('',(112.25,-103.4,0.));
#232 = CIRCLE('',#233,0.4);
#233 = AXIS2_PLACEMENT_3D('',#234,#235,#236);
#234 = CARTESIAN_POINT('',(112.25,-103.,0.));
#235 = DIRECTION('',(-0.,0.,-1.));
#236 = DIRECTION('',(-0.,-1.,0.));
#237 = FACE_BOUND('',#238,.F.);
#238 = EDGE_LOOP('',(#239));
#239 = ORIENTED_EDGE('',*,*,#240,.T.);
#240 = EDGE_CURVE('',#241,#241,#243,.T.);
#241 = VERTEX_POINT('',#242);
#242 = CARTESIAN_POINT('',(126.19,-103.5,0.));
#243 = CIRCLE('',#244,0.5);
#244 = AXIS2_PLACEMENT_3D('',#245,#246,#247);
#245 = CARTESIAN_POINT('',(126.19,-103.,0.));
#246 = DIRECTION('',(-0.,0.,-1.));
#247 = DIRECTION('',(-0.,-1.,0.));
#248 = FACE_BOUND('',#249,.F.);
#249 = EDGE_LOOP('',(#250));
#250 = ORIENTED_EDGE('',*,*,#251,.T.);
#251 = EDGE_CURVE('',#252,#252,#254,.T.);
#252 = VERTEX_POINT('',#253);
#253 = CARTESIAN_POINT('',(128.73,-103.5,0.));
#254 = CIRCLE('',#255,0.5);
#255 = AXIS2_PLACEMENT_3D('',#256,#257,#258);
#256 = CARTESIAN_POINT('',(128.73,-103.,0.));
#257 = DIRECTION('',(-0.,0.,-1.));
#258 = DIRECTION('',(-0.,-1.,0.));
#259 = FACE_BOUND('',#260,.F.);
#260 = EDGE_LOOP('',(#261));
#261 = ORIENTED_EDGE('',*,*,#262,.T.);
#262 = EDGE_CURVE('',#263,#263,#265,.T.);
#263 = VERTEX_POINT('',#264);
#264 = CARTESIAN_POINT('',(107.14,-98.1,0.));
#265 = CIRCLE('',#266,0.4);
#266 = AXIS2_PLACEMENT_3D('',#267,#268,#269);
#267 = CARTESIAN_POINT('',(107.14,-97.7,0.));
#268 = DIRECTION('',(-0.,0.,-1.));
#269 = DIRECTION('',(-0.,-1.,0.));
#270 = FACE_BOUND('',#271,.F.);
#271 = EDGE_LOOP('',(#272));
#272 = ORIENTED_EDGE('',*,*,#273,.T.);
#273 = EDGE_CURVE('',#274,#274,#276,.T.);
#274 = VERTEX_POINT('',#275);
#275 = CARTESIAN_POINT('',(109.68,-98.1,0.));
#276 = CIRCLE('',#277,0.4);
#277 = AXIS2_PLACEMENT_3D('',#278,#279,#280);
#278 = CARTESIAN_POINT('',(109.68,-97.7,0.));
#279 = DIRECTION('',(-0.,0.,-1.));
#280 = DIRECTION('',(-0.,-1.,0.));
#281 = FACE_BOUND('',#282,.F.);
#282 = EDGE_LOOP('',(#283));
#283 = ORIENTED_EDGE('',*,*,#284,.T.);
#284 = EDGE_CURVE('',#285,#285,#287,.T.);
#285 = VERTEX_POINT('',#286);
#286 = CARTESIAN_POINT('',(112.22,-98.1,0.));
#287 = CIRCLE('',#288,0.4);
#288 = AXIS2_PLACEMENT_3D('',#289,#290,#291);
#289 = CARTESIAN_POINT('',(112.22,-97.7,0.));
#290 = DIRECTION('',(-0.,0.,-1.));
#291 = DIRECTION('',(-0.,-1.,0.));
#292 = FACE_BOUND('',#293,.F.);
#293 = EDGE_LOOP('',(#294));
#294 = ORIENTED_EDGE('',*,*,#295,.T.);
#295 = EDGE_CURVE('',#296,#296,#298,.T.);
#296 = VERTEX_POINT('',#297);
#297 = CARTESIAN_POINT('',(98.5,-91.85,0.));
#298 = CIRCLE('',#299,0.5);
#299 = AXIS2_PLACEMENT_3D('',#300,#301,#302);
#300 = CARTESIAN_POINT('',(98.5,-91.35,0.));
#301 = DIRECTION('',(-0.,0.,-1.));
#302 = DIRECTION('',(-0.,-1.,0.));
#303 = FACE_BOUND('',#304,.F.);
#304 = EDGE_LOOP('',(#305));
#305 = ORIENTED_EDGE('',*,*,#306,.T.);
#306 = EDGE_CURVE('',#307,#307,#309,.T.);
#307 = VERTEX_POINT('',#308);
#308 = CARTESIAN_POINT('',(98.5,-89.31,0.));
#309 = CIRCLE('',#310,0.5);
#310 = AXIS2_PLACEMENT_3D('',#311,#312,#313);
#311 = CARTESIAN_POINT('',(98.5,-88.81,0.));
#312 = DIRECTION('',(-0.,0.,-1.));
#313 = DIRECTION('',(-0.,-1.,0.));
#314 = FACE_BOUND('',#315,.F.);
#315 = EDGE_LOOP('',(#316));
#316 = ORIENTED_EDGE('',*,*,#317,.T.);
#317 = EDGE_CURVE('',#318,#318,#320,.T.);
#318 = VERTEX_POINT('',#319);
#319 = CARTESIAN_POINT('',(98.5,-86.77,0.));
#320 = CIRCLE('',#321,0.5);
#321 = AXIS2_PLACEMENT_3D('',#322,#323,#324);
#322 = CARTESIAN_POINT('',(98.5,-86.27,0.));
#323 = DIRECTION('',(-0.,0.,-1.));
#324 = DIRECTION('',(-0.,-1.,0.));
#325 = FACE_BOUND('',#326,.F.);
#326 = EDGE_LOOP('',(#327));
#327 = ORIENTED_EDGE('',*,*,#328,.T.);
#328 = EDGE_CURVE('',#329,#329,#331,.T.);
#329 = VERTEX_POINT('',#330);
#330 = CARTESIAN_POINT('',(114.76,-98.1,0.));
#331 = CIRCLE('',#332,0.4);
#332 = AXIS2_PLACEMENT_3D('',#333,#334,#335);
#333 = CARTESIAN_POINT('',(114.76,-97.7,0.));
#334 = DIRECTION('',(-0.,0.,-1.));
#335 = DIRECTION('',(3.5527136788E-14,-1.,-0.));
#336 = FACE_BOUND('',#337,.F.);
#337 = EDGE_LOOP('',(#338));
#338 = ORIENTED_EDGE('',*,*,#339,.T.);
#339 = EDGE_CURVE('',#340,#340,#342,.T.);
#340 = VERTEX_POINT('',#341);
#341 = CARTESIAN_POINT('',(117.3,-98.1,0.));
#342 = CIRCLE('',#343,0.4);
#343 = AXIS2_PLACEMENT_3D('',#344,#345,#346);
#344 = CARTESIAN_POINT('',(117.3,-97.7,0.));
#345 = DIRECTION('',(-0.,0.,-1.));
#346 = DIRECTION('',(-3.552713678801E-14,-1.,0.));
#347 = FACE_BOUND('',#348,.F.);
#348 = EDGE_LOOP('',(#349));
#349 = ORIENTED_EDGE('',*,*,#350,.T.);
#350 = EDGE_CURVE('',#351,#351,#353,.T.);
#351 = VERTEX_POINT('',#352);
#352 = CARTESIAN_POINT('',(119.84,-98.1,0.));
#353 = CIRCLE('',#354,0.4);
#354 = AXIS2_PLACEMENT_3D('',#355,#356,#357);
#355 = CARTESIAN_POINT('',(119.84,-97.7,0.));
#356 = DIRECTION('',(-0.,0.,-1.));
#357 = DIRECTION('',(-0.,-1.,0.));
#358 = FACE_BOUND('',#359,.F.);
#359 = EDGE_LOOP('',(#360));
#360 = ORIENTED_EDGE('',*,*,#361,.T.);
#361 = EDGE_CURVE('',#362,#362,#364,.T.);
#362 = VERTEX_POINT('',#363);
#363 = CARTESIAN_POINT('',(122.38,-98.1,0.));
#364 = CIRCLE('',#365,0.4);
#365 = AXIS2_PLACEMENT_3D('',#366,#367,#368);
#366 = CARTESIAN_POINT('',(122.38,-97.7,0.));
#367 = DIRECTION('',(-0.,0.,-1.));
#368 = DIRECTION('',(-0.,-1.,0.));
#369 = FACE_BOUND('',#370,.F.);
#370 = EDGE_LOOP('',(#371));
#371 = ORIENTED_EDGE('',*,*,#372,.T.);
#372 = EDGE_CURVE('',#373,#373,#375,.T.);
#373 = VERTEX_POINT('',#374);
#374 = CARTESIAN_POINT('',(124.92,-98.1,0.));
#375 = CIRCLE('',#376,0.4);
#376 = AXIS2_PLACEMENT_3D('',#377,#378,#379);
#377 = CARTESIAN_POINT('',(124.92,-97.7,0.));
#378 = DIRECTION('',(-0.,0.,-1.));
#379 = DIRECTION('',(3.5527136788E-14,-1.,-0.));
#380 = FACE_BOUND('',#381,.F.);
#381 = EDGE_LOOP('',(#382));
#382 = ORIENTED_EDGE('',*,*,#383,.T.);
#383 = EDGE_CURVE('',#384,#384,#386,.T.);
#384 = VERTEX_POINT('',#385);
#385 = CARTESIAN_POINT('',(127.46,-98.1,0.));
#386 = CIRCLE('',#387,0.4);
#387 = AXIS2_PLACEMENT_3D('',#388,#389,#390);
#388 = CARTESIAN_POINT('',(127.46,-97.7,0.));
#389 = DIRECTION('',(-0.,0.,-1.));
#390 = DIRECTION('',(-3.552713678801E-14,-1.,0.));
#391 = FACE_BOUND('',#392,.F.);
#392 = EDGE_LOOP('',(#393));
#393 = ORIENTED_EDGE('',*,*,#394,.T.);
#394 = EDGE_CURVE('',#395,#395,#397,.T.);
#395 = VERTEX_POINT('',#396);
#396 = CARTESIAN_POINT('',(130.,-98.1,0.));
#397 = CIRCLE('',#398,0.4);
#398 = AXIS2_PLACEMENT_3D('',#399,#400,#401);
#399 = CARTESIAN_POINT('',(130.,-97.7,0.));
#400 = DIRECTION('',(-0.,0.,-1.));
#401 = DIRECTION('',(-0.,-1.,0.));
#402 = FACE_BOUND('',#403,.F.);
#403 = EDGE_LOOP('',(#404));
#404 = ORIENTED_EDGE('',*,*,#405,.T.);
#405 = EDGE_CURVE('',#406,#406,#408,.T.);
#406 = VERTEX_POINT('',#407);
#407 = CARTESIAN_POINT('',(137.9,-109.75,0.));
#408 = CIRCLE('',#409,0.75);
#409 = AXIS2_PLACEMENT_3D('',#410,#411,#412);
#410 = CARTESIAN_POINT('',(137.9,-109.,0.));
#411 = DIRECTION('',(-0.,0.,-1.));
#412 = DIRECTION('',(-0.,-1.,0.));
#413 = FACE_BOUND('',#414,.F.);
#414 = EDGE_LOOP('',(#415));
#415 = ORIENTED_EDGE('',*,*,#416,.T.);
#416 = EDGE_CURVE('',#417,#417,#419,.T.);
#417 = VERTEX_POINT('',#418);
#418 = CARTESIAN_POINT('',(140.,-109.4,0.));
#419 = CIRCLE('',#420,0.4);
#420 = AXIS2_PLACEMENT_3D('',#421,#422,#423);
#421 = CARTESIAN_POINT('',(140.,-109.,0.));
#422 = DIRECTION('',(-0.,0.,-1.));
#423 = DIRECTION('',(-0.,-1.,0.));
#424 = FACE_BOUND('',#425,.F.);
#425 = EDGE_LOOP('',(#426));
#426 = ORIENTED_EDGE('',*,*,#427,.T.);
#427 = EDGE_CURVE('',#428,#428,#430,.T.);
#428 = VERTEX_POINT('',#429);
#429 = CARTESIAN_POINT('',(142.,-109.4,0.));
#430 = CIRCLE('',#431,0.4);
#431 = AXIS2_PLACEMENT_3D('',#432,#433,#434);
#432 = CARTESIAN_POINT('',(142.,-109.,0.));
#433 = DIRECTION('',(-0.,0.,-1.));
#434 = DIRECTION('',(-0.,-1.,0.));
#435 = FACE_BOUND('',#436,.F.);
#436 = EDGE_LOOP('',(#437));
#437 = ORIENTED_EDGE('',*,*,#438,.T.);
#438 = EDGE_CURVE('',#439,#439,#441,.T.);
#439 = VERTEX_POINT('',#440);
#440 = CARTESIAN_POINT('',(144.,-109.4,0.));
#441 = CIRCLE('',#442,0.4);
#442 = AXIS2_PLACEMENT_3D('',#443,#444,#445);
#443 = CARTESIAN_POINT('',(144.,-109.,0.));
#444 = DIRECTION('',(-0.,0.,-1.));
#445 = DIRECTION('',(-0.,-1.,0.));
#446 = FACE_BOUND('',#447,.F.);
#447 = EDGE_LOOP('',(#448));
#448 = ORIENTED_EDGE('',*,*,#449,.T.);
#449 = EDGE_CURVE('',#450,#450,#452,.T.);
#450 = VERTEX_POINT('',#451);
#451 = CARTESIAN_POINT('',(146.1,-109.75,0.));
#452 = CIRCLE('',#453,0.75);
#453 = AXIS2_PLACEMENT_3D('',#454,#455,#456);
#454 = CARTESIAN_POINT('',(146.1,-109.,0.));
#455 = DIRECTION('',(-0.,0.,-1.));
#456 = DIRECTION('',(-0.,-1.,0.));
#457 = FACE_BOUND('',#458,.F.);
#458 = EDGE_LOOP('',(#459));
#459 = ORIENTED_EDGE('',*,*,#460,.T.);
#460 = EDGE_CURVE('',#461,#461,#463,.T.);
#461 = VERTEX_POINT('',#462);
#462 = CARTESIAN_POINT('',(131.27,-103.5,0.));
#463 = CIRCLE('',#464,0.5);
#464 = AXIS2_PLACEMENT_3D('',#465,#466,#467);
#465 = CARTESIAN_POINT('',(131.27,-103.,0.));
#466 = DIRECTION('',(-0.,0.,-1.));
#467 = DIRECTION('',(-0.,-1.,0.));
#468 = FACE_BOUND('',#469,.F.);
#469 = EDGE_LOOP('',(#470));
#470 = ORIENTED_EDGE('',*,*,#471,.T.);
#471 = EDGE_CURVE('',#472,#472,#474,.T.);
#472 = VERTEX_POINT('',#473);
#473 = CARTESIAN_POINT('',(133.81,-103.5,0.));
#474 = CIRCLE('',#475,0.5);
#475 = AXIS2_PLACEMENT_3D('',#476,#477,#478);
#476 = CARTESIAN_POINT('',(133.81,-103.,0.));
#477 = DIRECTION('',(-0.,0.,-1.));
#478 = DIRECTION('',(-0.,-1.,0.));
#479 = FACE_BOUND('',#480,.F.);
#480 = EDGE_LOOP('',(#481));
#481 = ORIENTED_EDGE('',*,*,#482,.T.);
#482 = EDGE_CURVE('',#483,#483,#485,.T.);
#483 = VERTEX_POINT('',#484);
#484 = CARTESIAN_POINT('',(149.19,-109.9,0.));
#485 = CIRCLE('',#486,0.4);
#486 = AXIS2_PLACEMENT_3D('',#487,#488,#489);
#487 = CARTESIAN_POINT('',(149.19,-109.5,0.));
#488 = DIRECTION('',(-0.,0.,-1.));
#489 = DIRECTION('',(-0.,-1.,0.));
#490 = FACE_BOUND('',#491,.F.);
#491 = EDGE_LOOP('',(#492));
#492 = ORIENTED_EDGE('',*,*,#493,.T.);
#493 = EDGE_CURVE('',#494,#494,#496,.T.);
#494 = VERTEX_POINT('',#495);
#495 = CARTESIAN_POINT('',(156.81,-109.9,0.));
#496 = CIRCLE('',#497,0.4);
#497 = AXIS2_PLACEMENT_3D('',#498,#499,#500);
#498 = CARTESIAN_POINT('',(156.81,-109.5,0.));
#499 = DIRECTION('',(-0.,0.,-1.));
#500 = DIRECTION('',(-0.,-1.,0.));
#501 = FACE_BOUND('',#502,.F.);
#502 = EDGE_LOOP('',(#503));
#503 = ORIENTED_EDGE('',*,*,#504,.T.);
#504 = EDGE_CURVE('',#505,#505,#507,.T.);
#505 = VERTEX_POINT('',#506);
#506 = CARTESIAN_POINT('',(159.73,-109.95,0.));
#507 = CIRCLE('',#508,0.45);
#508 = AXIS2_PLACEMENT_3D('',#509,#510,#511);
#509 = CARTESIAN_POINT('',(159.73,-109.5,0.));
#510 = DIRECTION('',(-0.,0.,-1.));
#511 = DIRECTION('',(-6.315935428979E-14,-1.,0.));
#512 = FACE_BOUND('',#513,.F.);
#513 = EDGE_LOOP('',(#514));
#514 = ORIENTED_EDGE('',*,*,#515,.T.);
#515 = EDGE_CURVE('',#516,#516,#518,.T.);
#516 = VERTEX_POINT('',#517);
#517 = CARTESIAN_POINT('',(162.27,-109.95,0.));
#518 = CIRCLE('',#519,0.45);
#519 = AXIS2_PLACEMENT_3D('',#520,#521,#522);
#520 = CARTESIAN_POINT('',(162.27,-109.5,0.));
#521 = DIRECTION('',(-0.,0.,-1.));
#522 = DIRECTION('',(6.315935428978E-14,-1.,-0.));
#523 = FACE_BOUND('',#524,.F.);
#524 = EDGE_LOOP('',(#525));
#525 = ORIENTED_EDGE('',*,*,#526,.T.);
#526 = EDGE_CURVE('',#527,#527,#529,.T.);
#527 = VERTEX_POINT('',#528);
#528 = CARTESIAN_POINT('',(161.5,-105.12,0.));
#529 = CIRCLE('',#530,0.5);
#530 = AXIS2_PLACEMENT_3D('',#531,#532,#533);
#531 = CARTESIAN_POINT('',(161.5,-104.62,0.));
#532 = DIRECTION('',(-0.,0.,-1.));
#533 = DIRECTION('',(-0.,-1.,0.));
#534 = FACE_BOUND('',#535,.F.);
#535 = EDGE_LOOP('',(#536));
#536 = ORIENTED_EDGE('',*,*,#537,.T.);
#537 = EDGE_CURVE('',#538,#538,#540,.T.);
#538 = VERTEX_POINT('',#539);
#539 = CARTESIAN_POINT('',(161.5,-102.58,0.));
#540 = CIRCLE('',#541,0.5);
#541 = AXIS2_PLACEMENT_3D('',#542,#543,#544);
#542 = CARTESIAN_POINT('',(161.5,-102.08,0.));
#543 = DIRECTION('',(-0.,0.,-1.));
#544 = DIRECTION('',(-0.,-1.,0.));
#545 = FACE_BOUND('',#546,.F.);
#546 = EDGE_LOOP('',(#547));
#547 = ORIENTED_EDGE('',*,*,#548,.T.);
#548 = EDGE_CURVE('',#549,#549,#551,.T.);
#549 = VERTEX_POINT('',#550);
#550 = CARTESIAN_POINT('',(161.5,-100.04,0.));
#551 = CIRCLE('',#552,0.5);
#552 = AXIS2_PLACEMENT_3D('',#553,#554,#555);
#553 = CARTESIAN_POINT('',(161.5,-99.54,0.));
#554 = DIRECTION('',(-0.,0.,-1.));
#555 = DIRECTION('',(-0.,-1.,0.));
#556 = FACE_BOUND('',#557,.F.);
#557 = EDGE_LOOP('',(#558));
#558 = ORIENTED_EDGE('',*,*,#559,.T.);
#559 = EDGE_CURVE('',#560,#560,#562,.T.);
#560 = VERTEX_POINT('',#561);
#561 = CARTESIAN_POINT('',(132.54,-98.1,0.));
#562 = CIRCLE('',#563,0.4);
#563 = AXIS2_PLACEMENT_3D('',#564,#565,#566);
#564 = CARTESIAN_POINT('',(132.54,-97.7,0.));
#565 = DIRECTION('',(-0.,0.,-1.));
#566 = DIRECTION('',(-0.,-1.,0.));
#567 = FACE_BOUND('',#568,.F.);
#568 = EDGE_LOOP('',(#569));
#569 = ORIENTED_EDGE('',*,*,#570,.T.);
#570 = EDGE_CURVE('',#571,#571,#573,.T.);
#571 = VERTEX_POINT('',#572);
#572 = CARTESIAN_POINT('',(135.08,-98.1,0.));
#573 = CIRCLE('',#574,0.4);
#574 = AXIS2_PLACEMENT_3D('',#575,#576,#577);
#575 = CARTESIAN_POINT('',(135.08,-97.7,0.));
#576 = DIRECTION('',(-0.,0.,-1.));
#577 = DIRECTION('',(7.105427357601E-14,-1.,-0.));
#578 = FACE_BOUND('',#579,.F.);
#579 = EDGE_LOOP('',(#580));
#580 = ORIENTED_EDGE('',*,*,#581,.T.);
#581 = EDGE_CURVE('',#582,#582,#584,.T.);
#582 = VERTEX_POINT('',#583);
#583 = CARTESIAN_POINT('',(137.62,-98.1,0.));
#584 = CIRCLE('',#585,0.4);
#585 = AXIS2_PLACEMENT_3D('',#586,#587,#588);
#586 = CARTESIAN_POINT('',(137.62,-97.7,0.));
#587 = DIRECTION('',(-0.,0.,-1.));
#588 = DIRECTION('',(-0.,-1.,0.));
#589 = FACE_BOUND('',#590,.F.);
#590 = EDGE_LOOP('',(#591));
#591 = ORIENTED_EDGE('',*,*,#592,.T.);
#592 = EDGE_CURVE('',#593,#593,#595,.T.);
#593 = VERTEX_POINT('',#594);
#594 = CARTESIAN_POINT('',(140.16,-98.1,0.));
#595 = CIRCLE('',#596,0.4);
#596 = AXIS2_PLACEMENT_3D('',#597,#598,#599);
#597 = CARTESIAN_POINT('',(140.16,-97.7,0.));
#598 = DIRECTION('',(-0.,0.,-1.));
#599 = DIRECTION('',(-0.,-1.,0.));
#600 = FACE_BOUND('',#601,.F.);
#601 = EDGE_LOOP('',(#602));
#602 = ORIENTED_EDGE('',*,*,#603,.T.);
#603 = EDGE_CURVE('',#604,#604,#606,.T.);
#604 = VERTEX_POINT('',#605);
#605 = CARTESIAN_POINT('',(142.7,-98.1,0.));
#606 = CIRCLE('',#607,0.4);
#607 = AXIS2_PLACEMENT_3D('',#608,#609,#610);
#608 = CARTESIAN_POINT('',(142.7,-97.7,0.));
#609 = DIRECTION('',(-0.,0.,-1.));
#610 = DIRECTION('',(-0.,-1.,0.));
#611 = FACE_BOUND('',#612,.F.);
#612 = EDGE_LOOP('',(#613));
#613 = ORIENTED_EDGE('',*,*,#614,.T.);
#614 = EDGE_CURVE('',#615,#615,#617,.T.);
#615 = VERTEX_POINT('',#616);
#616 = CARTESIAN_POINT('',(145.24,-98.1,0.));
#617 = CIRCLE('',#618,0.4);
#618 = AXIS2_PLACEMENT_3D('',#619,#620,#621);
#619 = CARTESIAN_POINT('',(145.24,-97.7,0.));
#620 = DIRECTION('',(-0.,0.,-1.));
#621 = DIRECTION('',(-0.,-1.,0.));
#622 = FACE_BOUND('',#623,.F.);
#623 = EDGE_LOOP('',(#624));
#624 = ORIENTED_EDGE('',*,*,#625,.T.);
#625 = EDGE_CURVE('',#626,#626,#628,.T.);
#626 = VERTEX_POINT('',#627);
#627 = CARTESIAN_POINT('',(147.78,-98.1,0.));
#628 = CIRCLE('',#629,0.4);
#629 = AXIS2_PLACEMENT_3D('',#630,#631,#632);
#630 = CARTESIAN_POINT('',(147.78,-97.7,0.));
#631 = DIRECTION('',(-0.,0.,-1.));
#632 = DIRECTION('',(-0.,-1.,0.));
#633 = FACE_BOUND('',#634,.F.);
#634 = EDGE_LOOP('',(#635));
#635 = ORIENTED_EDGE('',*,*,#636,.T.);
#636 = EDGE_CURVE('',#637,#637,#639,.T.);
#637 = VERTEX_POINT('',#638);
#638 = CARTESIAN_POINT('',(150.32,-98.1,0.));
#639 = CIRCLE('',#640,0.4);
#640 = AXIS2_PLACEMENT_3D('',#641,#642,#643);
#641 = CARTESIAN_POINT('',(150.32,-97.7,0.));
#642 = DIRECTION('',(-0.,0.,-1.));
#643 = DIRECTION('',(-0.,-1.,0.));
#644 = FACE_BOUND('',#645,.F.);
#645 = EDGE_LOOP('',(#646));
#646 = ORIENTED_EDGE('',*,*,#647,.T.);
#647 = EDGE_CURVE('',#648,#648,#650,.T.);
#648 = VERTEX_POINT('',#649);
#649 = CARTESIAN_POINT('',(152.86,-98.1,0.));
#650 = CIRCLE('',#651,0.4);
#651 = AXIS2_PLACEMENT_3D('',#652,#653,#654);
#652 = CARTESIAN_POINT('',(152.86,-97.7,0.));
#653 = DIRECTION('',(-0.,0.,-1.));
#654 = DIRECTION('',(-0.,-1.,0.));
#655 = FACE_BOUND('',#656,.F.);
#656 = EDGE_LOOP('',(#657));
#657 = ORIENTED_EDGE('',*,*,#658,.T.);
#658 = EDGE_CURVE('',#659,#659,#661,.T.);
#659 = VERTEX_POINT('',#660);
#660 = CARTESIAN_POINT('',(161.5,-97.5,0.));
#661 = CIRCLE('',#662,0.5);
#662 = AXIS2_PLACEMENT_3D('',#663,#664,#665);
#663 = CARTESIAN_POINT('',(161.5,-97.,0.));
#664 = DIRECTION('',(-0.,0.,-1.));
#665 = DIRECTION('',(-0.,-1.,0.));
#666 = FACE_BOUND('',#667,.F.);
#667 = EDGE_LOOP('',(#668));
#668 = ORIENTED_EDGE('',*,*,#669,.T.);
#669 = EDGE_CURVE('',#670,#670,#672,.T.);
#670 = VERTEX_POINT('',#671);
#671 = CARTESIAN_POINT('',(98.5,-84.23,0.));
#672 = CIRCLE('',#673,0.5);
#673 = AXIS2_PLACEMENT_3D('',#674,#675,#676);
#674 = CARTESIAN_POINT('',(98.5,-83.73,0.));
#675 = DIRECTION('',(-0.,0.,-1.));
#676 = DIRECTION('',(-0.,-1.,0.));
#677 = FACE_BOUND('',#678,.F.);
#678 = EDGE_LOOP('',(#679));
#679 = ORIENTED_EDGE('',*,*,#680,.T.);
#680 = EDGE_CURVE('',#681,#681,#683,.T.);
#681 = VERTEX_POINT('',#682);
#682 = CARTESIAN_POINT('',(98.5,-81.69,0.));
#683 = CIRCLE('',#684,0.5);
#684 = AXIS2_PLACEMENT_3D('',#685,#686,#687);
#685 = CARTESIAN_POINT('',(98.5,-81.19,0.));
#686 = DIRECTION('',(-0.,0.,-1.));
#687 = DIRECTION('',(-0.,-1.,0.));
#688 = FACE_BOUND('',#689,.F.);
#689 = EDGE_LOOP('',(#690));
#690 = ORIENTED_EDGE('',*,*,#691,.T.);
#691 = EDGE_CURVE('',#692,#692,#694,.T.);
#692 = VERTEX_POINT('',#693);
#693 = CARTESIAN_POINT('',(108.19,-82.55,0.));
#694 = CIRCLE('',#695,0.55);
#695 = AXIS2_PLACEMENT_3D('',#696,#697,#698);
#696 = CARTESIAN_POINT('',(108.19,-82.,0.));
#697 = DIRECTION('',(-0.,0.,-1.));
#698 = DIRECTION('',(-0.,-1.,0.));
#699 = FACE_BOUND('',#700,.F.);
#700 = EDGE_LOOP('',(#701));
#701 = ORIENTED_EDGE('',*,*,#702,.T.);
#702 = EDGE_CURVE('',#703,#703,#705,.T.);
#703 = VERTEX_POINT('',#704);
#704 = CARTESIAN_POINT('',(98.5,-79.15,0.));
#705 = CIRCLE('',#706,0.5);
#706 = AXIS2_PLACEMENT_3D('',#707,#708,#709);
#707 = CARTESIAN_POINT('',(98.5,-78.65,0.));
#708 = DIRECTION('',(-0.,0.,-1.));
#709 = DIRECTION('',(-0.,-1.,0.));
#710 = FACE_BOUND('',#711,.F.);
#711 = EDGE_LOOP('',(#712));
#712 = ORIENTED_EDGE('',*,*,#713,.T.);
#713 = EDGE_CURVE('',#714,#714,#716,.T.);
#714 = VERTEX_POINT('',#715);
#715 = CARTESIAN_POINT('',(115.81,-82.55,0.));
#716 = CIRCLE('',#717,0.55);
#717 = AXIS2_PLACEMENT_3D('',#718,#719,#720);
#718 = CARTESIAN_POINT('',(115.81,-82.,0.));
#719 = DIRECTION('',(-0.,0.,-1.));
#720 = DIRECTION('',(-0.,-1.,0.));
#721 = FACE_BOUND('',#722,.F.);
#722 = EDGE_LOOP('',(#723));
#723 = ORIENTED_EDGE('',*,*,#724,.T.);
#724 = EDGE_CURVE('',#725,#725,#727,.T.);
#725 = VERTEX_POINT('',#726);
#726 = CARTESIAN_POINT('',(97.73,-69.,0.));
#727 = CIRCLE('',#728,0.5);
#728 = AXIS2_PLACEMENT_3D('',#729,#730,#731);
#729 = CARTESIAN_POINT('',(97.73,-68.5,0.));
#730 = DIRECTION('',(-0.,0.,-1.));
#731 = DIRECTION('',(-0.,-1.,0.));
#732 = FACE_BOUND('',#733,.F.);
#733 = EDGE_LOOP('',(#734));
#734 = ORIENTED_EDGE('',*,*,#735,.T.);
#735 = EDGE_CURVE('',#736,#736,#738,.T.);
#736 = VERTEX_POINT('',#737);
#737 = CARTESIAN_POINT('',(100.27,-69.,0.));
#738 = CIRCLE('',#739,0.5);
#739 = AXIS2_PLACEMENT_3D('',#740,#741,#742);
#740 = CARTESIAN_POINT('',(100.27,-68.5,0.));
#741 = DIRECTION('',(-0.,0.,-1.));
#742 = DIRECTION('',(-0.,-1.,0.));
#743 = FACE_BOUND('',#744,.F.);
#744 = EDGE_LOOP('',(#745));
#745 = ORIENTED_EDGE('',*,*,#746,.T.);
#746 = EDGE_CURVE('',#747,#747,#749,.T.);
#747 = VERTEX_POINT('',#748);
#748 = CARTESIAN_POINT('',(107.14,-72.7,0.));
#749 = CIRCLE('',#750,0.4);
#750 = AXIS2_PLACEMENT_3D('',#751,#752,#753);
#751 = CARTESIAN_POINT('',(107.14,-72.3,0.));
#752 = DIRECTION('',(-0.,0.,-1.));
#753 = DIRECTION('',(-0.,-1.,0.));
#754 = FACE_BOUND('',#755,.F.);
#755 = EDGE_LOOP('',(#756));
#756 = ORIENTED_EDGE('',*,*,#757,.T.);
#757 = EDGE_CURVE('',#758,#758,#760,.T.);
#758 = VERTEX_POINT('',#759);
#759 = CARTESIAN_POINT('',(109.68,-72.7,0.));
#760 = CIRCLE('',#761,0.4);
#761 = AXIS2_PLACEMENT_3D('',#762,#763,#764);
#762 = CARTESIAN_POINT('',(109.68,-72.3,0.));
#763 = DIRECTION('',(-0.,0.,-1.));
#764 = DIRECTION('',(-0.,-1.,0.));
#765 = FACE_BOUND('',#766,.F.);
#766 = EDGE_LOOP('',(#767));
#767 = ORIENTED_EDGE('',*,*,#768,.T.);
#768 = EDGE_CURVE('',#769,#769,#771,.T.);
#769 = VERTEX_POINT('',#770);
#770 = CARTESIAN_POINT('',(112.22,-72.7,0.));
#771 = CIRCLE('',#772,0.4);
#772 = AXIS2_PLACEMENT_3D('',#773,#774,#775);
#773 = CARTESIAN_POINT('',(112.22,-72.3,0.));
#774 = DIRECTION('',(-0.,0.,-1.));
#775 = DIRECTION('',(-0.,-1.,0.));
#776 = FACE_BOUND('',#777,.F.);
#777 = EDGE_LOOP('',(#778));
#778 = ORIENTED_EDGE('',*,*,#779,.T.);
#779 = EDGE_CURVE('',#780,#780,#782,.T.);
#780 = VERTEX_POINT('',#781);
#781 = CARTESIAN_POINT('',(111.,-67.9,0.));
#782 = CIRCLE('',#783,0.4);
#783 = AXIS2_PLACEMENT_3D('',#784,#785,#786);
#784 = CARTESIAN_POINT('',(111.,-67.5,0.));
#785 = DIRECTION('',(-0.,0.,-1.));
#786 = DIRECTION('',(-0.,-1.,0.));
#787 = FACE_BOUND('',#788,.F.);
#788 = EDGE_LOOP('',(#789));
#789 = ORIENTED_EDGE('',*,*,#790,.T.);
#790 = EDGE_CURVE('',#791,#791,#793,.T.);
#791 = VERTEX_POINT('',#792);
#792 = CARTESIAN_POINT('',(113.,-67.9,0.));
#793 = CIRCLE('',#794,0.4);
#794 = AXIS2_PLACEMENT_3D('',#795,#796,#797);
#795 = CARTESIAN_POINT('',(113.,-67.5,0.));
#796 = DIRECTION('',(-0.,0.,-1.));
#797 = DIRECTION('',(-0.,-1.,0.));
#798 = FACE_BOUND('',#799,.F.);
#799 = EDGE_LOOP('',(#800));
#800 = ORIENTED_EDGE('',*,*,#801,.T.);
#801 = EDGE_CURVE('',#802,#802,#804,.T.);
#802 = VERTEX_POINT('',#803);
#803 = CARTESIAN_POINT('',(97.73,-63.05,0.));
#804 = CIRCLE('',#805,0.45);
#805 = AXIS2_PLACEMENT_3D('',#806,#807,#808);
#806 = CARTESIAN_POINT('',(97.73,-62.6,0.));
#807 = DIRECTION('',(-0.,0.,-1.));
#808 = DIRECTION('',(-0.,-1.,0.));
#809 = FACE_BOUND('',#810,.F.);
#810 = EDGE_LOOP('',(#811));
#811 = ORIENTED_EDGE('',*,*,#812,.T.);
#812 = EDGE_CURVE('',#813,#813,#815,.T.);
#813 = VERTEX_POINT('',#814);
#814 = CARTESIAN_POINT('',(100.27,-63.05,0.));
#815 = CIRCLE('',#816,0.45);
#816 = AXIS2_PLACEMENT_3D('',#817,#818,#819);
#817 = CARTESIAN_POINT('',(100.27,-62.6,0.));
#818 = DIRECTION('',(-0.,0.,-1.));
#819 = DIRECTION('',(-0.,-1.,0.));
#820 = FACE_BOUND('',#821,.F.);
#821 = EDGE_LOOP('',(#822));
#822 = ORIENTED_EDGE('',*,*,#823,.T.);
#823 = EDGE_CURVE('',#824,#824,#826,.T.);
#824 = VERTEX_POINT('',#825);
#825 = CARTESIAN_POINT('',(102.69,-63.,0.));
#826 = CIRCLE('',#827,0.4);
#827 = AXIS2_PLACEMENT_3D('',#828,#829,#830);
#828 = CARTESIAN_POINT('',(102.69,-62.6,0.));
#829 = DIRECTION('',(-0.,0.,-1.));
#830 = DIRECTION('',(-0.,-1.,0.));
#831 = FACE_BOUND('',#832,.F.);
#832 = EDGE_LOOP('',(#833));
#833 = ORIENTED_EDGE('',*,*,#834,.T.);
#834 = EDGE_CURVE('',#835,#835,#837,.T.);
#835 = VERTEX_POINT('',#836);
#836 = CARTESIAN_POINT('',(110.31,-63.,0.));
#837 = CIRCLE('',#838,0.4);
#838 = AXIS2_PLACEMENT_3D('',#839,#840,#841);
#839 = CARTESIAN_POINT('',(110.31,-62.6,0.));
#840 = DIRECTION('',(-0.,0.,-1.));
#841 = DIRECTION('',(-0.,-1.,0.));
#842 = FACE_BOUND('',#843,.F.);
#843 = EDGE_LOOP('',(#844));
#844 = ORIENTED_EDGE('',*,*,#845,.T.);
#845 = EDGE_CURVE('',#846,#846,#848,.T.);
#846 = VERTEX_POINT('',#847);
#847 = CARTESIAN_POINT('',(114.76,-72.7,0.));
#848 = CIRCLE('',#849,0.4);
#849 = AXIS2_PLACEMENT_3D('',#850,#851,#852);
#850 = CARTESIAN_POINT('',(114.76,-72.3,0.));
#851 = DIRECTION('',(-0.,0.,-1.));
#852 = DIRECTION('',(3.5527136788E-14,-1.,-0.));
#853 = FACE_BOUND('',#854,.F.);
#854 = EDGE_LOOP('',(#855));
#855 = ORIENTED_EDGE('',*,*,#856,.T.);
#856 = EDGE_CURVE('',#857,#857,#859,.T.);
#857 = VERTEX_POINT('',#858);
#858 = CARTESIAN_POINT('',(117.3,-72.7,0.));
#859 = CIRCLE('',#860,0.4);
#860 = AXIS2_PLACEMENT_3D('',#861,#862,#863);
#861 = CARTESIAN_POINT('',(117.3,-72.3,0.));
#862 = DIRECTION('',(-0.,0.,-1.));
#863 = DIRECTION('',(-3.552713678801E-14,-1.,0.));
#864 = FACE_BOUND('',#865,.F.);
#865 = EDGE_LOOP('',(#866));
#866 = ORIENTED_EDGE('',*,*,#867,.T.);
#867 = EDGE_CURVE('',#868,#868,#870,.T.);
#868 = VERTEX_POINT('',#869);
#869 = CARTESIAN_POINT('',(119.84,-72.7,0.));
#870 = CIRCLE('',#871,0.4);
#871 = AXIS2_PLACEMENT_3D('',#872,#873,#874);
#872 = CARTESIAN_POINT('',(119.84,-72.3,0.));
#873 = DIRECTION('',(-0.,0.,-1.));
#874 = DIRECTION('',(-0.,-1.,0.));
#875 = FACE_BOUND('',#876,.F.);
#876 = EDGE_LOOP('',(#877));
#877 = ORIENTED_EDGE('',*,*,#878,.T.);
#878 = EDGE_CURVE('',#879,#879,#881,.T.);
#879 = VERTEX_POINT('',#880);
#880 = CARTESIAN_POINT('',(122.38,-72.7,0.));
#881 = CIRCLE('',#882,0.4);
#882 = AXIS2_PLACEMENT_3D('',#883,#884,#885);
#883 = CARTESIAN_POINT('',(122.38,-72.3,0.));
#884 = DIRECTION('',(-0.,0.,-1.));
#885 = DIRECTION('',(-0.,-1.,0.));
#886 = FACE_BOUND('',#887,.F.);
#887 = EDGE_LOOP('',(#888));
#888 = ORIENTED_EDGE('',*,*,#889,.T.);
#889 = EDGE_CURVE('',#890,#890,#892,.T.);
#890 = VERTEX_POINT('',#891);
#891 = CARTESIAN_POINT('',(124.92,-72.7,0.));
#892 = CIRCLE('',#893,0.4);
#893 = AXIS2_PLACEMENT_3D('',#894,#895,#896);
#894 = CARTESIAN_POINT('',(124.92,-72.3,0.));
#895 = DIRECTION('',(-0.,0.,-1.));
#896 = DIRECTION('',(3.5527136788E-14,-1.,-0.));
#897 = FACE_BOUND('',#898,.F.);
#898 = EDGE_LOOP('',(#899));
#899 = ORIENTED_EDGE('',*,*,#900,.T.);
#900 = EDGE_CURVE('',#901,#901,#903,.T.);
#901 = VERTEX_POINT('',#902);
#902 = CARTESIAN_POINT('',(127.46,-72.7,0.));
#903 = CIRCLE('',#904,0.4);
#904 = AXIS2_PLACEMENT_3D('',#905,#906,#907);
#905 = CARTESIAN_POINT('',(127.46,-72.3,0.));
#906 = DIRECTION('',(-0.,0.,-1.));
#907 = DIRECTION('',(-3.552713678801E-14,-1.,0.));
#908 = FACE_BOUND('',#909,.F.);
#909 = EDGE_LOOP('',(#910));
#910 = ORIENTED_EDGE('',*,*,#911,.T.);
#911 = EDGE_CURVE('',#912,#912,#914,.T.);
#912 = VERTEX_POINT('',#913);
#913 = CARTESIAN_POINT('',(130.,-72.7,0.));
#914 = CIRCLE('',#915,0.4);
#915 = AXIS2_PLACEMENT_3D('',#916,#917,#918);
#916 = CARTESIAN_POINT('',(130.,-72.3,0.));
#917 = DIRECTION('',(-0.,0.,-1.));
#918 = DIRECTION('',(-0.,-1.,0.));
#919 = FACE_BOUND('',#920,.F.);
#920 = EDGE_LOOP('',(#921));
#921 = ORIENTED_EDGE('',*,*,#922,.T.);
#922 = EDGE_CURVE('',#923,#923,#925,.T.);
#923 = VERTEX_POINT('',#924);
#924 = CARTESIAN_POINT('',(126.19,-68.5,0.));
#925 = CIRCLE('',#926,0.5);
#926 = AXIS2_PLACEMENT_3D('',#927,#928,#929);
#927 = CARTESIAN_POINT('',(126.19,-68.,0.));
#928 = DIRECTION('',(-0.,0.,-1.));
#929 = DIRECTION('',(-0.,-1.,0.));
#930 = FACE_BOUND('',#931,.F.);
#931 = EDGE_LOOP('',(#932));
#932 = ORIENTED_EDGE('',*,*,#933,.T.);
#933 = EDGE_CURVE('',#934,#934,#936,.T.);
#934 = VERTEX_POINT('',#935);
#935 = CARTESIAN_POINT('',(128.73,-68.5,0.));
#936 = CIRCLE('',#937,0.5);
#937 = AXIS2_PLACEMENT_3D('',#938,#939,#940);
#938 = CARTESIAN_POINT('',(128.73,-68.,0.));
#939 = DIRECTION('',(-0.,0.,-1.));
#940 = DIRECTION('',(-0.,-1.,0.));
#941 = FACE_BOUND('',#942,.F.);
#942 = EDGE_LOOP('',(#943));
#943 = ORIENTED_EDGE('',*,*,#944,.T.);
#944 = EDGE_CURVE('',#945,#945,#947,.T.);
#945 = VERTEX_POINT('',#946);
#946 = CARTESIAN_POINT('',(121.,-67.43,0.));
#947 = CIRCLE('',#948,1.25);
#948 = AXIS2_PLACEMENT_3D('',#949,#950,#951);
#949 = CARTESIAN_POINT('',(121.,-66.18,0.));
#950 = DIRECTION('',(-0.,0.,-1.));
#951 = DIRECTION('',(-0.,-1.,0.));
#952 = FACE_BOUND('',#953,.F.);
#953 = EDGE_LOOP('',(#954));
#954 = ORIENTED_EDGE('',*,*,#955,.T.);
#955 = EDGE_CURVE('',#956,#956,#958,.T.);
#956 = VERTEX_POINT('',#957);
#957 = CARTESIAN_POINT('',(118.25,-66.05,0.));
#958 = CIRCLE('',#959,0.5);
#959 = AXIS2_PLACEMENT_3D('',#960,#961,#962);
#960 = CARTESIAN_POINT('',(118.25,-65.55,0.));
#961 = DIRECTION('',(-0.,0.,-1.));
#962 = DIRECTION('',(-0.,-1.,0.));
#963 = FACE_BOUND('',#964,.F.);
#964 = EDGE_LOOP('',(#965));
#965 = ORIENTED_EDGE('',*,*,#966,.T.);
#966 = EDGE_CURVE('',#967,#967,#969,.T.);
#967 = VERTEX_POINT('',#968);
#968 = CARTESIAN_POINT('',(116.35,-62.33,0.));
#969 = CIRCLE('',#970,0.5);
#970 = AXIS2_PLACEMENT_3D('',#971,#972,#973);
#971 = CARTESIAN_POINT('',(116.35,-61.83,0.));
#972 = DIRECTION('',(-0.,0.,-1.));
#973 = DIRECTION('',(-0.,-1.,0.));
#974 = FACE_BOUND('',#975,.F.);
#975 = EDGE_LOOP('',(#976));
#976 = ORIENTED_EDGE('',*,*,#977,.T.);
#977 = EDGE_CURVE('',#978,#978,#980,.T.);
#978 = VERTEX_POINT('',#979);
#979 = CARTESIAN_POINT('',(118.25,-63.51,0.));
#980 = CIRCLE('',#981,0.5);
#981 = AXIS2_PLACEMENT_3D('',#982,#983,#984);
#982 = CARTESIAN_POINT('',(118.25,-63.01,0.));
#983 = DIRECTION('',(-0.,0.,-1.));
#984 = DIRECTION('',(-0.,-1.,0.));
#985 = FACE_BOUND('',#986,.F.);
#986 = EDGE_LOOP('',(#987));
#987 = ORIENTED_EDGE('',*,*,#988,.T.);
#988 = EDGE_CURVE('',#989,#989,#991,.T.);
#989 = VERTEX_POINT('',#990);
#990 = CARTESIAN_POINT('',(121.,-63.63,0.));
#991 = CIRCLE('',#992,1.25);
#992 = AXIS2_PLACEMENT_3D('',#993,#994,#995);
#993 = CARTESIAN_POINT('',(121.,-62.38,0.));
#994 = DIRECTION('',(-0.,0.,-1.));
#995 = DIRECTION('',(-0.,-1.,0.));
#996 = FACE_BOUND('',#997,.F.);
#997 = EDGE_LOOP('',(#998));
#998 = ORIENTED_EDGE('',*,*,#999,.T.);
#999 = EDGE_CURVE('',#1000,#1000,#1002,.T.);
#1000 = VERTEX_POINT('',#1001);
#1001 = CARTESIAN_POINT('',(123.75,-66.05,0.));
#1002 = CIRCLE('',#1003,0.5);
#1003 = AXIS2_PLACEMENT_3D('',#1004,#1005,#1006);
#1004 = CARTESIAN_POINT('',(123.75,-65.55,0.));
#1005 = DIRECTION('',(-0.,0.,-1.));
#1006 = DIRECTION('',(-0.,-1.,0.));
#1007 = FACE_BOUND('',#1008,.F.);
#1008 = EDGE_LOOP('',(#1009));
#1009 = ORIENTED_EDGE('',*,*,#1010,.T.);
#1010 = EDGE_CURVE('',#1011,#1011,#1013,.T.);
#1011 = VERTEX_POINT('',#1012);
#1012 = CARTESIAN_POINT('',(123.75,-63.51,0.));
#1013 = CIRCLE('',#1014,0.5);
#1014 = AXIS2_PLACEMENT_3D('',#1015,#1016,#1017);
#1015 = CARTESIAN_POINT('',(123.75,-63.01,0.));
#1016 = DIRECTION('',(-0.,0.,-1.));
#1017 = DIRECTION('',(-0.,-1.,0.));
#1018 = FACE_BOUND('',#1019,.F.);
#1019 = EDGE_LOOP('',(#1020));
#1020 = ORIENTED_EDGE('',*,*,#1021,.T.);
#1021 = EDGE_CURVE('',#1022,#1022,#1024,.T.);
#1022 = VERTEX_POINT('',#1023);
#1023 = CARTESIAN_POINT('',(144.19,-82.55,0.));
#1024 = CIRCLE('',#1025,0.55);
#1025 = AXIS2_PLACEMENT_3D('',#1026,#1027,#1028);
#1026 = CARTESIAN_POINT('',(144.19,-82.,0.));
#1027 = DIRECTION('',(-0.,0.,-1.));
#1028 = DIRECTION('',(-0.,-1.,0.));
#1029 = FACE_BOUND('',#1030,.F.);
#1030 = EDGE_LOOP('',(#1031));
#1031 = ORIENTED_EDGE('',*,*,#1032,.T.);
#1032 = EDGE_CURVE('',#1033,#1033,#1035,.T.);
#1033 = VERTEX_POINT('',#1034);
#1034 = CARTESIAN_POINT('',(151.81,-82.55,0.));
#1035 = CIRCLE('',#1036,0.55);
#1036 = AXIS2_PLACEMENT_3D('',#1037,#1038,#1039);
#1037 = CARTESIAN_POINT('',(151.81,-82.,0.));
#1038 = DIRECTION('',(-0.,0.,-1.));
#1039 = DIRECTION('',(-0.,-1.,0.));
#1040 = FACE_BOUND('',#1041,.F.);
#1041 = EDGE_LOOP('',(#1042));
#1042 = ORIENTED_EDGE('',*,*,#1043,.T.);
#1043 = EDGE_CURVE('',#1044,#1044,#1046,.T.);
#1044 = VERTEX_POINT('',#1045);
#1045 = CARTESIAN_POINT('',(132.54,-72.7,0.));
#1046 = CIRCLE('',#1047,0.4);
#1047 = AXIS2_PLACEMENT_3D('',#1048,#1049,#1050);
#1048 = CARTESIAN_POINT('',(132.54,-72.3,0.));
#1049 = DIRECTION('',(-0.,0.,-1.));
#1050 = DIRECTION('',(-0.,-1.,0.));
#1051 = FACE_BOUND('',#1052,.F.);
#1052 = EDGE_LOOP('',(#1053));
#1053 = ORIENTED_EDGE('',*,*,#1054,.T.);
#1054 = EDGE_CURVE('',#1055,#1055,#1057,.T.);
#1055 = VERTEX_POINT('',#1056);
#1056 = CARTESIAN_POINT('',(135.08,-72.7,0.));
#1057 = CIRCLE('',#1058,0.4);
#1058 = AXIS2_PLACEMENT_3D('',#1059,#1060,#1061);
#1059 = CARTESIAN_POINT('',(135.08,-72.3,0.));
#1060 = DIRECTION('',(-0.,0.,-1.));
#1061 = DIRECTION('',(7.105427357601E-14,-1.,-0.));
#1062 = FACE_BOUND('',#1063,.F.);
#1063 = EDGE_LOOP('',(#1064));
#1064 = ORIENTED_EDGE('',*,*,#1065,.T.);
#1065 = EDGE_CURVE('',#1066,#1066,#1068,.T.);
#1066 = VERTEX_POINT('',#1067);
#1067 = CARTESIAN_POINT('',(137.62,-72.7,0.));
#1068 = CIRCLE('',#1069,0.4);
#1069 = AXIS2_PLACEMENT_3D('',#1070,#1071,#1072);
#1070 = CARTESIAN_POINT('',(137.62,-72.3,0.));
#1071 = DIRECTION('',(-0.,0.,-1.));
#1072 = DIRECTION('',(-0.,-1.,0.));
#1073 = FACE_BOUND('',#1074,.F.);
#1074 = EDGE_LOOP('',(#1075));
#1075 = ORIENTED_EDGE('',*,*,#1076,.T.);
#1076 = EDGE_CURVE('',#1077,#1077,#1079,.T.);
#1077 = VERTEX_POINT('',#1078);
#1078 = CARTESIAN_POINT('',(131.27,-68.5,0.));
#1079 = CIRCLE('',#1080,0.5);
#1080 = AXIS2_PLACEMENT_3D('',#1081,#1082,#1083);
#1081 = CARTESIAN_POINT('',(131.27,-68.,0.));
#1082 = DIRECTION('',(-0.,0.,-1.));
#1083 = DIRECTION('',(-0.,-1.,0.));
#1084 = FACE_BOUND('',#1085,.F.);
#1085 = EDGE_LOOP('',(#1086));
#1086 = ORIENTED_EDGE('',*,*,#1087,.T.);
#1087 = EDGE_CURVE('',#1088,#1088,#1090,.T.);
#1088 = VERTEX_POINT('',#1089);
#1089 = CARTESIAN_POINT('',(133.81,-68.5,0.));
#1090 = CIRCLE('',#1091,0.5);
#1091 = AXIS2_PLACEMENT_3D('',#1092,#1093,#1094);
#1092 = CARTESIAN_POINT('',(133.81,-68.,0.));
#1093 = DIRECTION('',(-0.,0.,-1.));
#1094 = DIRECTION('',(-0.,-1.,0.));
#1095 = FACE_BOUND('',#1096,.F.);
#1096 = EDGE_LOOP('',(#1097));
#1097 = ORIENTED_EDGE('',*,*,#1098,.T.);
#1098 = EDGE_CURVE('',#1099,#1099,#1101,.T.);
#1099 = VERTEX_POINT('',#1100);
#1100 = CARTESIAN_POINT('',(140.16,-72.7,0.));
#1101 = CIRCLE('',#1102,0.4);
#1102 = AXIS2_PLACEMENT_3D('',#1103,#1104,#1105);
#1103 = CARTESIAN_POINT('',(140.16,-72.3,0.));
#1104 = DIRECTION('',(-0.,0.,-1.));
#1105 = DIRECTION('',(-0.,-1.,0.));
#1106 = FACE_BOUND('',#1107,.F.);
#1107 = EDGE_LOOP('',(#1108));
#1108 = ORIENTED_EDGE('',*,*,#1109,.T.);
#1109 = EDGE_CURVE('',#1110,#1110,#1112,.T.);
#1110 = VERTEX_POINT('',#1111);
#1111 = CARTESIAN_POINT('',(142.7,-72.7,0.));
#1112 = CIRCLE('',#1113,0.4);
#1113 = AXIS2_PLACEMENT_3D('',#1114,#1115,#1116);
#1114 = CARTESIAN_POINT('',(142.7,-72.3,0.));
#1115 = DIRECTION('',(-0.,0.,-1.));
#1116 = DIRECTION('',(-0.,-1.,0.));
#1117 = FACE_BOUND('',#1118,.F.);
#1118 = EDGE_LOOP('',(#1119));
#1119 = ORIENTED_EDGE('',*,*,#1120,.T.);
#1120 = EDGE_CURVE('',#1121,#1121,#1123,.T.);
#1121 = VERTEX_POINT('',#1122);
#1122 = CARTESIAN_POINT('',(145.24,-72.7,0.));
#1123 = CIRCLE('',#1124,0.4);
#1124 = AXIS2_PLACEMENT_3D('',#1125,#1126,#1127);
#1125 = CARTESIAN_POINT('',(145.24,-72.3,0.));
#1126 = DIRECTION('',(-0.,0.,-1.));
#1127 = DIRECTION('',(-0.,-1.,0.));
#1128 = FACE_BOUND('',#1129,.F.);
#1129 = EDGE_LOOP('',(#1130));
#1130 = ORIENTED_EDGE('',*,*,#1131,.T.);
#1131 = EDGE_CURVE('',#1132,#1132,#1134,.T.);
#1132 = VERTEX_POINT('',#1133);
#1133 = CARTESIAN_POINT('',(136.25,-66.05,0.));
#1134 = CIRCLE('',#1135,0.5);
#1135 = AXIS2_PLACEMENT_3D('',#1136,#1137,#1138);
#1136 = CARTESIAN_POINT('',(136.25,-65.55,0.));
#1137 = DIRECTION('',(-0.,0.,-1.));
#1138 = DIRECTION('',(-0.,-1.,0.));
#1139 = FACE_BOUND('',#1140,.F.);
#1140 = EDGE_LOOP('',(#1141));
#1141 = ORIENTED_EDGE('',*,*,#1142,.T.);
#1142 = EDGE_CURVE('',#1143,#1143,#1145,.T.);
#1143 = VERTEX_POINT('',#1144);
#1144 = CARTESIAN_POINT('',(136.25,-63.51,0.));
#1145 = CIRCLE('',#1146,0.5);
#1146 = AXIS2_PLACEMENT_3D('',#1147,#1148,#1149);
#1147 = CARTESIAN_POINT('',(136.25,-63.01,0.));
#1148 = DIRECTION('',(-0.,0.,-1.));
#1149 = DIRECTION('',(-0.,-1.,0.));
#1150 = FACE_BOUND('',#1151,.F.);
#1151 = EDGE_LOOP('',(#1152));
#1152 = ORIENTED_EDGE('',*,*,#1153,.T.);
#1153 = EDGE_CURVE('',#1154,#1154,#1156,.T.);
#1154 = VERTEX_POINT('',#1155);
#1155 = CARTESIAN_POINT('',(139.,-67.43,0.));
#1156 = CIRCLE('',#1157,1.25);
#1157 = AXIS2_PLACEMENT_3D('',#1158,#1159,#1160);
#1158 = CARTESIAN_POINT('',(139.,-66.18,0.));
#1159 = DIRECTION('',(-0.,0.,-1.));
#1160 = DIRECTION('',(-0.,-1.,0.));
#1161 = FACE_BOUND('',#1162,.F.);
#1162 = EDGE_LOOP('',(#1163));
#1163 = ORIENTED_EDGE('',*,*,#1164,.T.);
#1164 = EDGE_CURVE('',#1165,#1165,#1167,.T.);
#1165 = VERTEX_POINT('',#1166);
#1166 = CARTESIAN_POINT('',(141.75,-66.05,0.));
#1167 = CIRCLE('',#1168,0.5);
#1168 = AXIS2_PLACEMENT_3D('',#1169,#1170,#1171);
#1169 = CARTESIAN_POINT('',(141.75,-65.55,0.));
#1170 = DIRECTION('',(-0.,0.,-1.));
#1171 = DIRECTION('',(-0.,-1.,0.));
#1172 = FACE_BOUND('',#1173,.F.);
#1173 = EDGE_LOOP('',(#1174));
#1174 = ORIENTED_EDGE('',*,*,#1175,.T.);
#1175 = EDGE_CURVE('',#1176,#1176,#1178,.T.);
#1176 = VERTEX_POINT('',#1177);
#1177 = CARTESIAN_POINT('',(143.65,-67.23,0.));
#1178 = CIRCLE('',#1179,0.5);
#1179 = AXIS2_PLACEMENT_3D('',#1180,#1181,#1182);
#1180 = CARTESIAN_POINT('',(143.65,-66.73,0.));
#1181 = DIRECTION('',(-0.,0.,-1.));
#1182 = DIRECTION('',(-0.,-1.,0.));
#1183 = FACE_BOUND('',#1184,.F.);
#1184 = EDGE_LOOP('',(#1185));
#1185 = ORIENTED_EDGE('',*,*,#1186,.T.);
#1186 = EDGE_CURVE('',#1187,#1187,#1189,.T.);
#1187 = VERTEX_POINT('',#1188);
#1188 = CARTESIAN_POINT('',(141.75,-63.51,0.));
#1189 = CIRCLE('',#1190,0.5);
#1190 = AXIS2_PLACEMENT_3D('',#1191,#1192,#1193);
#1191 = CARTESIAN_POINT('',(141.75,-63.01,0.));
#1192 = DIRECTION('',(-0.,0.,-1.));
#1193 = DIRECTION('',(-0.,-1.,0.));
#1194 = FACE_BOUND('',#1195,.F.);
#1195 = EDGE_LOOP('',(#1196));
#1196 = ORIENTED_EDGE('',*,*,#1197,.T.);
#1197 = EDGE_CURVE('',#1198,#1198,#1200,.T.);
#1198 = VERTEX_POINT('',#1199);
#1199 = CARTESIAN_POINT('',(139.,-63.63,0.));
#1200 = CIRCLE('',#1201,1.25);
#1201 = AXIS2_PLACEMENT_3D('',#1202,#1203,#1204);
#1202 = CARTESIAN_POINT('',(139.,-62.38,0.));
#1203 = DIRECTION('',(-0.,0.,-1.));
#1204 = DIRECTION('',(-0.,-1.,0.));
#1205 = FACE_BOUND('',#1206,.F.);
#1206 = EDGE_LOOP('',(#1207));
#1207 = ORIENTED_EDGE('',*,*,#1208,.T.);
#1208 = EDGE_CURVE('',#1209,#1209,#1211,.T.);
#1209 = VERTEX_POINT('',#1210);
#1210 = CARTESIAN_POINT('',(147.78,-72.7,0.));
#1211 = CIRCLE('',#1212,0.4);
#1212 = AXIS2_PLACEMENT_3D('',#1213,#1214,#1215);
#1213 = CARTESIAN_POINT('',(147.78,-72.3,0.));
#1214 = DIRECTION('',(-0.,0.,-1.));
#1215 = DIRECTION('',(-0.,-1.,0.));
#1216 = FACE_BOUND('',#1217,.F.);
#1217 = EDGE_LOOP('',(#1218));
#1218 = ORIENTED_EDGE('',*,*,#1219,.T.);
#1219 = EDGE_CURVE('',#1220,#1220,#1222,.T.);
#1220 = VERTEX_POINT('',#1221);
#1221 = CARTESIAN_POINT('',(150.31728,-72.70368,0.));
#1222 = CIRCLE('',#1223,0.4);
#1223 = AXIS2_PLACEMENT_3D('',#1224,#1225,#1226);
#1224 = CARTESIAN_POINT('',(150.31728,-72.30368,0.));
#1225 = DIRECTION('',(-0.,0.,-1.));
#1226 = DIRECTION('',(7.105427357601E-14,-1.,-0.));
#1227 = FACE_BOUND('',#1228,.F.);
#1228 = EDGE_LOOP('',(#1229));
#1229 = ORIENTED_EDGE('',*,*,#1230,.T.);
#1230 = EDGE_CURVE('',#1231,#1231,#1233,.T.);
#1231 = VERTEX_POINT('',#1232);
#1232 = CARTESIAN_POINT('',(152.85728,-72.70368,0.));
#1233 = CIRCLE('',#1234,0.4);
#1234 = AXIS2_PLACEMENT_3D('',#1235,#1236,#1237);
#1235 = CARTESIAN_POINT('',(152.85728,-72.30368,0.));
#1236 = DIRECTION('',(-0.,0.,-1.));
#1237 = DIRECTION('',(-0.,-1.,0.));
#1238 = FACE_BOUND('',#1239,.F.);
#1239 = EDGE_LOOP('',(#1240));
#1240 = ORIENTED_EDGE('',*,*,#1241,.T.);
#1241 = EDGE_CURVE('',#1242,#1242,#1244,.T.);
#1242 = VERTEX_POINT('',#1243);
#1243 = CARTESIAN_POINT('',(147.,-67.9,0.));
#1244 = CIRCLE('',#1245,0.4);
#1245 = AXIS2_PLACEMENT_3D('',#1246,#1247,#1248);
#1246 = CARTESIAN_POINT('',(147.,-67.5,0.));
#1247 = DIRECTION('',(-0.,0.,-1.));
#1248 = DIRECTION('',(-0.,-1.,0.));
#1249 = FACE_BOUND('',#1250,.F.);
#1250 = EDGE_LOOP('',(#1251));
#1251 = ORIENTED_EDGE('',*,*,#1252,.T.);
#1252 = EDGE_CURVE('',#1253,#1253,#1255,.T.);
#1253 = VERTEX_POINT('',#1254);
#1254 = CARTESIAN_POINT('',(149.,-67.9,0.));
#1255 = CIRCLE('',#1256,0.4);
#1256 = AXIS2_PLACEMENT_3D('',#1257,#1258,#1259);
#1257 = CARTESIAN_POINT('',(149.,-67.5,0.));
#1258 = DIRECTION('',(-0.,0.,-1.));
#1259 = DIRECTION('',(-0.,-1.,0.));
#1260 = FACE_BOUND('',#1261,.F.);
#1261 = EDGE_LOOP('',(#1262));
#1262 = ORIENTED_EDGE('',*,*,#1263,.T.);
#1263 = EDGE_CURVE('',#1264,#1264,#1266,.T.);
#1264 = VERTEX_POINT('',#1265);
#1265 = CARTESIAN_POINT('',(159.73,-69.,0.));
#1266 = CIRCLE('',#1267,0.5);
#1267 = AXIS2_PLACEMENT_3D('',#1268,#1269,#1270);
#1268 = CARTESIAN_POINT('',(159.73,-68.5,0.));
#1269 = DIRECTION('',(-0.,0.,-1.));
#1270 = DIRECTION('',(-0.,-1.,0.));
#1271 = FACE_BOUND('',#1272,.F.);
#1272 = EDGE_LOOP('',(#1273));
#1273 = ORIENTED_EDGE('',*,*,#1274,.T.);
#1274 = EDGE_CURVE('',#1275,#1275,#1277,.T.);
#1275 = VERTEX_POINT('',#1276);
#1276 = CARTESIAN_POINT('',(162.27,-69.,0.));
#1277 = CIRCLE('',#1278,0.5);
#1278 = AXIS2_PLACEMENT_3D('',#1279,#1280,#1281);
#1279 = CARTESIAN_POINT('',(162.27,-68.5,0.));
#1280 = DIRECTION('',(-0.,0.,-1.));
#1281 = DIRECTION('',(-0.,-1.,0.));
#1282 = FACE_BOUND('',#1283,.F.);
#1283 = EDGE_LOOP('',(#1284));
#1284 = ORIENTED_EDGE('',*,*,#1285,.T.);
#1285 = EDGE_CURVE('',#1286,#1286,#1288,.T.);
#1286 = VERTEX_POINT('',#1287);
#1287 = CARTESIAN_POINT('',(149.69,-63.,0.));
#1288 = CIRCLE('',#1289,0.4);
#1289 = AXIS2_PLACEMENT_3D('',#1290,#1291,#1292);
#1290 = CARTESIAN_POINT('',(149.69,-62.6,0.));
#1291 = DIRECTION('',(-0.,0.,-1.));
#1292 = DIRECTION('',(-0.,-1.,0.));
#1293 = FACE_BOUND('',#1294,.F.);
#1294 = EDGE_LOOP('',(#1295));
#1295 = ORIENTED_EDGE('',*,*,#1296,.T.);
#1296 = EDGE_CURVE('',#1297,#1297,#1299,.T.);
#1297 = VERTEX_POINT('',#1298);
#1298 = CARTESIAN_POINT('',(157.31,-63.,0.));
#1299 = CIRCLE('',#1300,0.4);
#1300 = AXIS2_PLACEMENT_3D('',#1301,#1302,#1303);
#1301 = CARTESIAN_POINT('',(157.31,-62.6,0.));
#1302 = DIRECTION('',(-0.,0.,-1.));
#1303 = DIRECTION('',(-0.,-1.,0.));
#1304 = FACE_BOUND('',#1305,.F.);
#1305 = EDGE_LOOP('',(#1306));
#1306 = ORIENTED_EDGE('',*,*,#1307,.T.);
#1307 = EDGE_CURVE('',#1308,#1308,#1310,.T.);
#1308 = VERTEX_POINT('',#1309);
#1309 = CARTESIAN_POINT('',(159.73,-63.05,0.));
#1310 = CIRCLE('',#1311,0.45);
#1311 = AXIS2_PLACEMENT_3D('',#1312,#1313,#1314);
#1312 = CARTESIAN_POINT('',(159.73,-62.6,0.));
#1313 = DIRECTION('',(-0.,0.,-1.));
#1314 = DIRECTION('',(-6.315935428979E-14,-1.,0.));
#1315 = FACE_BOUND('',#1316,.F.);
#1316 = EDGE_LOOP('',(#1317));
#1317 = ORIENTED_EDGE('',*,*,#1318,.T.);
#1318 = EDGE_CURVE('',#1319,#1319,#1321,.T.);
#1319 = VERTEX_POINT('',#1320);
#1320 = CARTESIAN_POINT('',(162.27,-63.05,0.));
#1321 = CIRCLE('',#1322,0.45);
#1322 = AXIS2_PLACEMENT_3D('',#1323,#1324,#1325);
#1323 = CARTESIAN_POINT('',(162.27,-62.6,0.));
#1324 = DIRECTION('',(-0.,0.,-1.));
#1325 = DIRECTION('',(6.315935428979E-14,-1.,-0.));
#1326 = PLANE('',#1327);
#1327 = AXIS2_PLACEMENT_3D('',#1328,#1329,#1330);
#1328 = CARTESIAN_POINT('',(0.,0.,0.));
#1329 = DIRECTION('',(0.,0.,1.));
#1330 = DIRECTION('',(1.,0.,-0.));
#1331 = ADVANCED_FACE('',(#1332,#1343,#1354,#1365,#1376,#1387,#1398,
    #1409,#1420,#1431,#1442,#1453,#1464,#1475,#1486,#1497,#1508,#1519,
    #1530,#1541,#1552,#1563,#1574,#1585,#1596,#1607,#1618,#1629,#1640,
    #1651,#1662,#1673,#1684,#1695,#1706,#1717,#1728,#1739,#1750,#1761,
    #1772,#1783,#1794,#1805,#1816,#1827,#1838,#1849,#1860,#1871,#1882,
    #1893,#1904,#1915,#1926,#1937,#1948,#1959,#1970,#1981,#1992,#2003,
    #2014,#2025,#2036,#2047,#2058,#2069,#2080,#2091,#2102,#2113,#2124,
    #2135,#2146,#2157,#2168,#2179,#2190,#2201,#2212,#2223,#2234,#2245,
    #2256,#2267,#2278,#2289,#2300,#2311,#2322,#2333,#2344,#2355,#2366,
    #2377,#2388,#2399,#2410,#2421,#2432,#2443,#2454,#2465,#2476,#2487,
    #2498,#2509),#2520,.T.);
#1332 = FACE_BOUND('',#1333,.T.);
#1333 = EDGE_LOOP('',(#1334,#1335,#1336,#1342));
#1334 = ORIENTED_EDGE('',*,*,#49,.F.);
#1335 = ORIENTED_EDGE('',*,*,#89,.F.);
#1336 = ORIENTED_EDGE('',*,*,#1337,.F.);
#1337 = EDGE_CURVE('',#112,#82,#1338,.T.);
#1338 = LINE('',#1339,#1340);
#1339 = CARTESIAN_POINT('',(95.,-60.,0.91));
#1340 = VECTOR('',#1341,1.);
#1341 = DIRECTION('',(1.,0.,0.));
#1342 = ORIENTED_EDGE('',*,*,#111,.F.);
#1343 = FACE_BOUND('',#1344,.T.);
#1344 = EDGE_LOOP('',(#1345));
#1345 = ORIENTED_EDGE('',*,*,#1346,.T.);
#1346 = EDGE_CURVE('',#1347,#1347,#1349,.T.);
#1347 = VERTEX_POINT('',#1348);
#1348 = CARTESIAN_POINT('',(97.73,-109.95,0.91));
#1349 = CIRCLE('',#1350,0.45);
#1350 = AXIS2_PLACEMENT_3D('',#1351,#1352,#1353);
#1351 = CARTESIAN_POINT('',(97.73,-109.5,0.91));
#1352 = DIRECTION('',(-0.,0.,-1.));
#1353 = DIRECTION('',(-0.,-1.,0.));
#1354 = FACE_BOUND('',#1355,.T.);
#1355 = EDGE_LOOP('',(#1356));
#1356 = ORIENTED_EDGE('',*,*,#1357,.T.);
#1357 = EDGE_CURVE('',#1358,#1358,#1360,.T.);
#1358 = VERTEX_POINT('',#1359);
#1359 = CARTESIAN_POINT('',(100.27,-109.95,0.91));
#1360 = CIRCLE('',#1361,0.45);
#1361 = AXIS2_PLACEMENT_3D('',#1362,#1363,#1364);
#1362 = CARTESIAN_POINT('',(100.27,-109.5,0.91));
#1363 = DIRECTION('',(-0.,0.,-1.));
#1364 = DIRECTION('',(-0.,-1.,0.));
#1365 = FACE_BOUND('',#1366,.T.);
#1366 = EDGE_LOOP('',(#1367));
#1367 = ORIENTED_EDGE('',*,*,#1368,.T.);
#1368 = EDGE_CURVE('',#1369,#1369,#1371,.T.);
#1369 = VERTEX_POINT('',#1370);
#1370 = CARTESIAN_POINT('',(103.19,-109.9,0.91));
#1371 = CIRCLE('',#1372,0.4);
#1372 = AXIS2_PLACEMENT_3D('',#1373,#1374,#1375);
#1373 = CARTESIAN_POINT('',(103.19,-109.5,0.91));
#1374 = DIRECTION('',(-0.,0.,-1.));
#1375 = DIRECTION('',(-0.,-1.,0.));
#1376 = FACE_BOUND('',#1377,.T.);
#1377 = EDGE_LOOP('',(#1378));
#1378 = ORIENTED_EDGE('',*,*,#1379,.T.);
#1379 = EDGE_CURVE('',#1380,#1380,#1382,.T.);
#1380 = VERTEX_POINT('',#1381);
#1381 = CARTESIAN_POINT('',(110.81,-109.9,0.91));
#1382 = CIRCLE('',#1383,0.4);
#1383 = AXIS2_PLACEMENT_3D('',#1384,#1385,#1386);
#1384 = CARTESIAN_POINT('',(110.81,-109.5,0.91));
#1385 = DIRECTION('',(-0.,0.,-1.));
#1386 = DIRECTION('',(-0.,-1.,0.));
#1387 = FACE_BOUND('',#1388,.T.);
#1388 = EDGE_LOOP('',(#1389));
#1389 = ORIENTED_EDGE('',*,*,#1390,.T.);
#1390 = EDGE_CURVE('',#1391,#1391,#1393,.T.);
#1391 = VERTEX_POINT('',#1392);
#1392 = CARTESIAN_POINT('',(98.5,-100.375,0.91));
#1393 = CIRCLE('',#1394,0.375);
#1394 = AXIS2_PLACEMENT_3D('',#1395,#1396,#1397);
#1395 = CARTESIAN_POINT('',(98.5,-100.,0.91));
#1396 = DIRECTION('',(-0.,0.,-1.));
#1397 = DIRECTION('',(-0.,-1.,0.));
#1398 = FACE_BOUND('',#1399,.T.);
#1399 = EDGE_LOOP('',(#1400));
#1400 = ORIENTED_EDGE('',*,*,#1401,.T.);
#1401 = EDGE_CURVE('',#1402,#1402,#1404,.T.);
#1402 = VERTEX_POINT('',#1403);
#1403 = CARTESIAN_POINT('',(100.5,-100.375,0.91));
#1404 = CIRCLE('',#1405,0.375);
#1405 = AXIS2_PLACEMENT_3D('',#1406,#1407,#1408);
#1406 = CARTESIAN_POINT('',(100.5,-100.,0.91));
#1407 = DIRECTION('',(-0.,0.,-1.));
#1408 = DIRECTION('',(-0.,-1.,0.));
#1409 = FACE_BOUND('',#1410,.T.);
#1410 = EDGE_LOOP('',(#1411));
#1411 = ORIENTED_EDGE('',*,*,#1412,.T.);
#1412 = EDGE_CURVE('',#1413,#1413,#1415,.T.);
#1413 = VERTEX_POINT('',#1414);
#1414 = CARTESIAN_POINT('',(109.75,-103.4,0.91));
#1415 = CIRCLE('',#1416,0.4);
#1416 = AXIS2_PLACEMENT_3D('',#1417,#1418,#1419);
#1417 = CARTESIAN_POINT('',(109.75,-103.,0.91));
#1418 = DIRECTION('',(-0.,0.,-1.));
#1419 = DIRECTION('',(-0.,-1.,0.));
#1420 = FACE_BOUND('',#1421,.T.);
#1421 = EDGE_LOOP('',(#1422));
#1422 = ORIENTED_EDGE('',*,*,#1423,.T.);
#1423 = EDGE_CURVE('',#1424,#1424,#1426,.T.);
#1424 = VERTEX_POINT('',#1425);
#1425 = CARTESIAN_POINT('',(112.25,-103.4,0.91));
#1426 = CIRCLE('',#1427,0.4);
#1427 = AXIS2_PLACEMENT_3D('',#1428,#1429,#1430);
#1428 = CARTESIAN_POINT('',(112.25,-103.,0.91));
#1429 = DIRECTION('',(-0.,0.,-1.));
#1430 = DIRECTION('',(-0.,-1.,0.));
#1431 = FACE_BOUND('',#1432,.T.);
#1432 = EDGE_LOOP('',(#1433));
#1433 = ORIENTED_EDGE('',*,*,#1434,.T.);
#1434 = EDGE_CURVE('',#1435,#1435,#1437,.T.);
#1435 = VERTEX_POINT('',#1436);
#1436 = CARTESIAN_POINT('',(126.19,-103.5,0.91));
#1437 = CIRCLE('',#1438,0.5);
#1438 = AXIS2_PLACEMENT_3D('',#1439,#1440,#1441);
#1439 = CARTESIAN_POINT('',(126.19,-103.,0.91));
#1440 = DIRECTION('',(-0.,0.,-1.));
#1441 = DIRECTION('',(-0.,-1.,0.));
#1442 = FACE_BOUND('',#1443,.T.);
#1443 = EDGE_LOOP('',(#1444));
#1444 = ORIENTED_EDGE('',*,*,#1445,.T.);
#1445 = EDGE_CURVE('',#1446,#1446,#1448,.T.);
#1446 = VERTEX_POINT('',#1447);
#1447 = CARTESIAN_POINT('',(128.73,-103.5,0.91));
#1448 = CIRCLE('',#1449,0.5);
#1449 = AXIS2_PLACEMENT_3D('',#1450,#1451,#1452);
#1450 = CARTESIAN_POINT('',(128.73,-103.,0.91));
#1451 = DIRECTION('',(-0.,0.,-1.));
#1452 = DIRECTION('',(-0.,-1.,0.));
#1453 = FACE_BOUND('',#1454,.T.);
#1454 = EDGE_LOOP('',(#1455));
#1455 = ORIENTED_EDGE('',*,*,#1456,.T.);
#1456 = EDGE_CURVE('',#1457,#1457,#1459,.T.);
#1457 = VERTEX_POINT('',#1458);
#1458 = CARTESIAN_POINT('',(107.14,-98.1,0.91));
#1459 = CIRCLE('',#1460,0.4);
#1460 = AXIS2_PLACEMENT_3D('',#1461,#1462,#1463);
#1461 = CARTESIAN_POINT('',(107.14,-97.7,0.91));
#1462 = DIRECTION('',(-0.,0.,-1.));
#1463 = DIRECTION('',(-0.,-1.,0.));
#1464 = FACE_BOUND('',#1465,.T.);
#1465 = EDGE_LOOP('',(#1466));
#1466 = ORIENTED_EDGE('',*,*,#1467,.T.);
#1467 = EDGE_CURVE('',#1468,#1468,#1470,.T.);
#1468 = VERTEX_POINT('',#1469);
#1469 = CARTESIAN_POINT('',(109.68,-98.1,0.91));
#1470 = CIRCLE('',#1471,0.4);
#1471 = AXIS2_PLACEMENT_3D('',#1472,#1473,#1474);
#1472 = CARTESIAN_POINT('',(109.68,-97.7,0.91));
#1473 = DIRECTION('',(-0.,0.,-1.));
#1474 = DIRECTION('',(-0.,-1.,0.));
#1475 = FACE_BOUND('',#1476,.T.);
#1476 = EDGE_LOOP('',(#1477));
#1477 = ORIENTED_EDGE('',*,*,#1478,.T.);
#1478 = EDGE_CURVE('',#1479,#1479,#1481,.T.);
#1479 = VERTEX_POINT('',#1480);
#1480 = CARTESIAN_POINT('',(112.22,-98.1,0.91));
#1481 = CIRCLE('',#1482,0.4);
#1482 = AXIS2_PLACEMENT_3D('',#1483,#1484,#1485);
#1483 = CARTESIAN_POINT('',(112.22,-97.7,0.91));
#1484 = DIRECTION('',(-0.,0.,-1.));
#1485 = DIRECTION('',(-0.,-1.,0.));
#1486 = FACE_BOUND('',#1487,.T.);
#1487 = EDGE_LOOP('',(#1488));
#1488 = ORIENTED_EDGE('',*,*,#1489,.T.);
#1489 = EDGE_CURVE('',#1490,#1490,#1492,.T.);
#1490 = VERTEX_POINT('',#1491);
#1491 = CARTESIAN_POINT('',(98.5,-91.85,0.91));
#1492 = CIRCLE('',#1493,0.5);
#1493 = AXIS2_PLACEMENT_3D('',#1494,#1495,#1496);
#1494 = CARTESIAN_POINT('',(98.5,-91.35,0.91));
#1495 = DIRECTION('',(-0.,0.,-1.));
#1496 = DIRECTION('',(-0.,-1.,0.));
#1497 = FACE_BOUND('',#1498,.T.);
#1498 = EDGE_LOOP('',(#1499));
#1499 = ORIENTED_EDGE('',*,*,#1500,.T.);
#1500 = EDGE_CURVE('',#1501,#1501,#1503,.T.);
#1501 = VERTEX_POINT('',#1502);
#1502 = CARTESIAN_POINT('',(98.5,-89.31,0.91));
#1503 = CIRCLE('',#1504,0.5);
#1504 = AXIS2_PLACEMENT_3D('',#1505,#1506,#1507);
#1505 = CARTESIAN_POINT('',(98.5,-88.81,0.91));
#1506 = DIRECTION('',(-0.,0.,-1.));
#1507 = DIRECTION('',(-0.,-1.,0.));
#1508 = FACE_BOUND('',#1509,.T.);
#1509 = EDGE_LOOP('',(#1510));
#1510 = ORIENTED_EDGE('',*,*,#1511,.T.);
#1511 = EDGE_CURVE('',#1512,#1512,#1514,.T.);
#1512 = VERTEX_POINT('',#1513);
#1513 = CARTESIAN_POINT('',(98.5,-86.77,0.91));
#1514 = CIRCLE('',#1515,0.5);
#1515 = AXIS2_PLACEMENT_3D('',#1516,#1517,#1518);
#1516 = CARTESIAN_POINT('',(98.5,-86.27,0.91));
#1517 = DIRECTION('',(-0.,0.,-1.));
#1518 = DIRECTION('',(-0.,-1.,0.));
#1519 = FACE_BOUND('',#1520,.T.);
#1520 = EDGE_LOOP('',(#1521));
#1521 = ORIENTED_EDGE('',*,*,#1522,.T.);
#1522 = EDGE_CURVE('',#1523,#1523,#1525,.T.);
#1523 = VERTEX_POINT('',#1524);
#1524 = CARTESIAN_POINT('',(114.76,-98.1,0.91));
#1525 = CIRCLE('',#1526,0.4);
#1526 = AXIS2_PLACEMENT_3D('',#1527,#1528,#1529);
#1527 = CARTESIAN_POINT('',(114.76,-97.7,0.91));
#1528 = DIRECTION('',(-0.,0.,-1.));
#1529 = DIRECTION('',(3.5527136788E-14,-1.,-0.));
#1530 = FACE_BOUND('',#1531,.T.);
#1531 = EDGE_LOOP('',(#1532));
#1532 = ORIENTED_EDGE('',*,*,#1533,.T.);
#1533 = EDGE_CURVE('',#1534,#1534,#1536,.T.);
#1534 = VERTEX_POINT('',#1535);
#1535 = CARTESIAN_POINT('',(117.3,-98.1,0.91));
#1536 = CIRCLE('',#1537,0.4);
#1537 = AXIS2_PLACEMENT_3D('',#1538,#1539,#1540);
#1538 = CARTESIAN_POINT('',(117.3,-97.7,0.91));
#1539 = DIRECTION('',(-0.,0.,-1.));
#1540 = DIRECTION('',(-3.552713678801E-14,-1.,0.));
#1541 = FACE_BOUND('',#1542,.T.);
#1542 = EDGE_LOOP('',(#1543));
#1543 = ORIENTED_EDGE('',*,*,#1544,.T.);
#1544 = EDGE_CURVE('',#1545,#1545,#1547,.T.);
#1545 = VERTEX_POINT('',#1546);
#1546 = CARTESIAN_POINT('',(119.84,-98.1,0.91));
#1547 = CIRCLE('',#1548,0.4);
#1548 = AXIS2_PLACEMENT_3D('',#1549,#1550,#1551);
#1549 = CARTESIAN_POINT('',(119.84,-97.7,0.91));
#1550 = DIRECTION('',(-0.,0.,-1.));
#1551 = DIRECTION('',(-0.,-1.,0.));
#1552 = FACE_BOUND('',#1553,.T.);
#1553 = EDGE_LOOP('',(#1554));
#1554 = ORIENTED_EDGE('',*,*,#1555,.T.);
#1555 = EDGE_CURVE('',#1556,#1556,#1558,.T.);
#1556 = VERTEX_POINT('',#1557);
#1557 = CARTESIAN_POINT('',(122.38,-98.1,0.91));
#1558 = CIRCLE('',#1559,0.4);
#1559 = AXIS2_PLACEMENT_3D('',#1560,#1561,#1562);
#1560 = CARTESIAN_POINT('',(122.38,-97.7,0.91));
#1561 = DIRECTION('',(-0.,0.,-1.));
#1562 = DIRECTION('',(-0.,-1.,0.));
#1563 = FACE_BOUND('',#1564,.T.);
#1564 = EDGE_LOOP('',(#1565));
#1565 = ORIENTED_EDGE('',*,*,#1566,.T.);
#1566 = EDGE_CURVE('',#1567,#1567,#1569,.T.);
#1567 = VERTEX_POINT('',#1568);
#1568 = CARTESIAN_POINT('',(124.92,-98.1,0.91));
#1569 = CIRCLE('',#1570,0.4);
#1570 = AXIS2_PLACEMENT_3D('',#1571,#1572,#1573);
#1571 = CARTESIAN_POINT('',(124.92,-97.7,0.91));
#1572 = DIRECTION('',(-0.,0.,-1.));
#1573 = DIRECTION('',(3.5527136788E-14,-1.,-0.));
#1574 = FACE_BOUND('',#1575,.T.);
#1575 = EDGE_LOOP('',(#1576));
#1576 = ORIENTED_EDGE('',*,*,#1577,.T.);
#1577 = EDGE_CURVE('',#1578,#1578,#1580,.T.);
#1578 = VERTEX_POINT('',#1579);
#1579 = CARTESIAN_POINT('',(127.46,-98.1,0.91));
#1580 = CIRCLE('',#1581,0.4);
#1581 = AXIS2_PLACEMENT_3D('',#1582,#1583,#1584);
#1582 = CARTESIAN_POINT('',(127.46,-97.7,0.91));
#1583 = DIRECTION('',(-0.,0.,-1.));
#1584 = DIRECTION('',(-3.552713678801E-14,-1.,0.));
#1585 = FACE_BOUND('',#1586,.T.);
#1586 = EDGE_LOOP('',(#1587));
#1587 = ORIENTED_EDGE('',*,*,#1588,.T.);
#1588 = EDGE_CURVE('',#1589,#1589,#1591,.T.);
#1589 = VERTEX_POINT('',#1590);
#1590 = CARTESIAN_POINT('',(130.,-98.1,0.91));
#1591 = CIRCLE('',#1592,0.4);
#1592 = AXIS2_PLACEMENT_3D('',#1593,#1594,#1595);
#1593 = CARTESIAN_POINT('',(130.,-97.7,0.91));
#1594 = DIRECTION('',(-0.,0.,-1.));
#1595 = DIRECTION('',(-0.,-1.,0.));
#1596 = FACE_BOUND('',#1597,.T.);
#1597 = EDGE_LOOP('',(#1598));
#1598 = ORIENTED_EDGE('',*,*,#1599,.T.);
#1599 = EDGE_CURVE('',#1600,#1600,#1602,.T.);
#1600 = VERTEX_POINT('',#1601);
#1601 = CARTESIAN_POINT('',(137.9,-109.75,0.91));
#1602 = CIRCLE('',#1603,0.75);
#1603 = AXIS2_PLACEMENT_3D('',#1604,#1605,#1606);
#1604 = CARTESIAN_POINT('',(137.9,-109.,0.91));
#1605 = DIRECTION('',(-0.,0.,-1.));
#1606 = DIRECTION('',(-0.,-1.,0.));
#1607 = FACE_BOUND('',#1608,.T.);
#1608 = EDGE_LOOP('',(#1609));
#1609 = ORIENTED_EDGE('',*,*,#1610,.T.);
#1610 = EDGE_CURVE('',#1611,#1611,#1613,.T.);
#1611 = VERTEX_POINT('',#1612);
#1612 = CARTESIAN_POINT('',(140.,-109.4,0.91));
#1613 = CIRCLE('',#1614,0.4);
#1614 = AXIS2_PLACEMENT_3D('',#1615,#1616,#1617);
#1615 = CARTESIAN_POINT('',(140.,-109.,0.91));
#1616 = DIRECTION('',(-0.,0.,-1.));
#1617 = DIRECTION('',(-0.,-1.,0.));
#1618 = FACE_BOUND('',#1619,.T.);
#1619 = EDGE_LOOP('',(#1620));
#1620 = ORIENTED_EDGE('',*,*,#1621,.T.);
#1621 = EDGE_CURVE('',#1622,#1622,#1624,.T.);
#1622 = VERTEX_POINT('',#1623);
#1623 = CARTESIAN_POINT('',(142.,-109.4,0.91));
#1624 = CIRCLE('',#1625,0.4);
#1625 = AXIS2_PLACEMENT_3D('',#1626,#1627,#1628);
#1626 = CARTESIAN_POINT('',(142.,-109.,0.91));
#1627 = DIRECTION('',(-0.,0.,-1.));
#1628 = DIRECTION('',(-0.,-1.,0.));
#1629 = FACE_BOUND('',#1630,.T.);
#1630 = EDGE_LOOP('',(#1631));
#1631 = ORIENTED_EDGE('',*,*,#1632,.T.);
#1632 = EDGE_CURVE('',#1633,#1633,#1635,.T.);
#1633 = VERTEX_POINT('',#1634);
#1634 = CARTESIAN_POINT('',(144.,-109.4,0.91));
#1635 = CIRCLE('',#1636,0.4);
#1636 = AXIS2_PLACEMENT_3D('',#1637,#1638,#1639);
#1637 = CARTESIAN_POINT('',(144.,-109.,0.91));
#1638 = DIRECTION('',(-0.,0.,-1.));
#1639 = DIRECTION('',(-0.,-1.,0.));
#1640 = FACE_BOUND('',#1641,.T.);
#1641 = EDGE_LOOP('',(#1642));
#1642 = ORIENTED_EDGE('',*,*,#1643,.T.);
#1643 = EDGE_CURVE('',#1644,#1644,#1646,.T.);
#1644 = VERTEX_POINT('',#1645);
#1645 = CARTESIAN_POINT('',(146.1,-109.75,0.91));
#1646 = CIRCLE('',#1647,0.75);
#1647 = AXIS2_PLACEMENT_3D('',#1648,#1649,#1650);
#1648 = CARTESIAN_POINT('',(146.1,-109.,0.91));
#1649 = DIRECTION('',(-0.,0.,-1.));
#1650 = DIRECTION('',(-0.,-1.,0.));
#1651 = FACE_BOUND('',#1652,.T.);
#1652 = EDGE_LOOP('',(#1653));
#1653 = ORIENTED_EDGE('',*,*,#1654,.T.);
#1654 = EDGE_CURVE('',#1655,#1655,#1657,.T.);
#1655 = VERTEX_POINT('',#1656);
#1656 = CARTESIAN_POINT('',(131.27,-103.5,0.91));
#1657 = CIRCLE('',#1658,0.5);
#1658 = AXIS2_PLACEMENT_3D('',#1659,#1660,#1661);
#1659 = CARTESIAN_POINT('',(131.27,-103.,0.91));
#1660 = DIRECTION('',(-0.,0.,-1.));
#1661 = DIRECTION('',(-0.,-1.,0.));
#1662 = FACE_BOUND('',#1663,.T.);
#1663 = EDGE_LOOP('',(#1664));
#1664 = ORIENTED_EDGE('',*,*,#1665,.T.);
#1665 = EDGE_CURVE('',#1666,#1666,#1668,.T.);
#1666 = VERTEX_POINT('',#1667);
#1667 = CARTESIAN_POINT('',(133.81,-103.5,0.91));
#1668 = CIRCLE('',#1669,0.5);
#1669 = AXIS2_PLACEMENT_3D('',#1670,#1671,#1672);
#1670 = CARTESIAN_POINT('',(133.81,-103.,0.91));
#1671 = DIRECTION('',(-0.,0.,-1.));
#1672 = DIRECTION('',(-0.,-1.,0.));
#1673 = FACE_BOUND('',#1674,.T.);
#1674 = EDGE_LOOP('',(#1675));
#1675 = ORIENTED_EDGE('',*,*,#1676,.T.);
#1676 = EDGE_CURVE('',#1677,#1677,#1679,.T.);
#1677 = VERTEX_POINT('',#1678);
#1678 = CARTESIAN_POINT('',(149.19,-109.9,0.91));
#1679 = CIRCLE('',#1680,0.4);
#1680 = AXIS2_PLACEMENT_3D('',#1681,#1682,#1683);
#1681 = CARTESIAN_POINT('',(149.19,-109.5,0.91));
#1682 = DIRECTION('',(-0.,0.,-1.));
#1683 = DIRECTION('',(-0.,-1.,0.));
#1684 = FACE_BOUND('',#1685,.T.);
#1685 = EDGE_LOOP('',(#1686));
#1686 = ORIENTED_EDGE('',*,*,#1687,.T.);
#1687 = EDGE_CURVE('',#1688,#1688,#1690,.T.);
#1688 = VERTEX_POINT('',#1689);
#1689 = CARTESIAN_POINT('',(156.81,-109.9,0.91));
#1690 = CIRCLE('',#1691,0.4);
#1691 = AXIS2_PLACEMENT_3D('',#1692,#1693,#1694);
#1692 = CARTESIAN_POINT('',(156.81,-109.5,0.91));
#1693 = DIRECTION('',(-0.,0.,-1.));
#1694 = DIRECTION('',(-0.,-1.,0.));
#1695 = FACE_BOUND('',#1696,.T.);
#1696 = EDGE_LOOP('',(#1697));
#1697 = ORIENTED_EDGE('',*,*,#1698,.T.);
#1698 = EDGE_CURVE('',#1699,#1699,#1701,.T.);
#1699 = VERTEX_POINT('',#1700);
#1700 = CARTESIAN_POINT('',(159.73,-109.95,0.91));
#1701 = CIRCLE('',#1702,0.45);
#1702 = AXIS2_PLACEMENT_3D('',#1703,#1704,#1705);
#1703 = CARTESIAN_POINT('',(159.73,-109.5,0.91));
#1704 = DIRECTION('',(-0.,0.,-1.));
#1705 = DIRECTION('',(-6.315935428979E-14,-1.,0.));
#1706 = FACE_BOUND('',#1707,.T.);
#1707 = EDGE_LOOP('',(#1708));
#1708 = ORIENTED_EDGE('',*,*,#1709,.T.);
#1709 = EDGE_CURVE('',#1710,#1710,#1712,.T.);
#1710 = VERTEX_POINT('',#1711);
#1711 = CARTESIAN_POINT('',(162.27,-109.95,0.91));
#1712 = CIRCLE('',#1713,0.45);
#1713 = AXIS2_PLACEMENT_3D('',#1714,#1715,#1716);
#1714 = CARTESIAN_POINT('',(162.27,-109.5,0.91));
#1715 = DIRECTION('',(-0.,0.,-1.));
#1716 = DIRECTION('',(6.315935428978E-14,-1.,-0.));
#1717 = FACE_BOUND('',#1718,.T.);
#1718 = EDGE_LOOP('',(#1719));
#1719 = ORIENTED_EDGE('',*,*,#1720,.T.);
#1720 = EDGE_CURVE('',#1721,#1721,#1723,.T.);
#1721 = VERTEX_POINT('',#1722);
#1722 = CARTESIAN_POINT('',(161.5,-105.12,0.91));
#1723 = CIRCLE('',#1724,0.5);
#1724 = AXIS2_PLACEMENT_3D('',#1725,#1726,#1727);
#1725 = CARTESIAN_POINT('',(161.5,-104.62,0.91));
#1726 = DIRECTION('',(-0.,0.,-1.));
#1727 = DIRECTION('',(-0.,-1.,0.));
#1728 = FACE_BOUND('',#1729,.T.);
#1729 = EDGE_LOOP('',(#1730));
#1730 = ORIENTED_EDGE('',*,*,#1731,.T.);
#1731 = EDGE_CURVE('',#1732,#1732,#1734,.T.);
#1732 = VERTEX_POINT('',#1733);
#1733 = CARTESIAN_POINT('',(161.5,-102.58,0.91));
#1734 = CIRCLE('',#1735,0.5);
#1735 = AXIS2_PLACEMENT_3D('',#1736,#1737,#1738);
#1736 = CARTESIAN_POINT('',(161.5,-102.08,0.91));
#1737 = DIRECTION('',(-0.,0.,-1.));
#1738 = DIRECTION('',(-0.,-1.,0.));
#1739 = FACE_BOUND('',#1740,.T.);
#1740 = EDGE_LOOP('',(#1741));
#1741 = ORIENTED_EDGE('',*,*,#1742,.T.);
#1742 = EDGE_CURVE('',#1743,#1743,#1745,.T.);
#1743 = VERTEX_POINT('',#1744);
#1744 = CARTESIAN_POINT('',(161.5,-100.04,0.91));
#1745 = CIRCLE('',#1746,0.5);
#1746 = AXIS2_PLACEMENT_3D('',#1747,#1748,#1749);
#1747 = CARTESIAN_POINT('',(161.5,-99.54,0.91));
#1748 = DIRECTION('',(-0.,0.,-1.));
#1749 = DIRECTION('',(-0.,-1.,0.));
#1750 = FACE_BOUND('',#1751,.T.);
#1751 = EDGE_LOOP('',(#1752));
#1752 = ORIENTED_EDGE('',*,*,#1753,.T.);
#1753 = EDGE_CURVE('',#1754,#1754,#1756,.T.);
#1754 = VERTEX_POINT('',#1755);
#1755 = CARTESIAN_POINT('',(132.54,-98.1,0.91));
#1756 = CIRCLE('',#1757,0.4);
#1757 = AXIS2_PLACEMENT_3D('',#1758,#1759,#1760);
#1758 = CARTESIAN_POINT('',(132.54,-97.7,0.91));
#1759 = DIRECTION('',(-0.,0.,-1.));
#1760 = DIRECTION('',(-0.,-1.,0.));
#1761 = FACE_BOUND('',#1762,.T.);
#1762 = EDGE_LOOP('',(#1763));
#1763 = ORIENTED_EDGE('',*,*,#1764,.T.);
#1764 = EDGE_CURVE('',#1765,#1765,#1767,.T.);
#1765 = VERTEX_POINT('',#1766);
#1766 = CARTESIAN_POINT('',(135.08,-98.1,0.91));
#1767 = CIRCLE('',#1768,0.4);
#1768 = AXIS2_PLACEMENT_3D('',#1769,#1770,#1771);
#1769 = CARTESIAN_POINT('',(135.08,-97.7,0.91));
#1770 = DIRECTION('',(-0.,0.,-1.));
#1771 = DIRECTION('',(7.105427357601E-14,-1.,-0.));
#1772 = FACE_BOUND('',#1773,.T.);
#1773 = EDGE_LOOP('',(#1774));
#1774 = ORIENTED_EDGE('',*,*,#1775,.T.);
#1775 = EDGE_CURVE('',#1776,#1776,#1778,.T.);
#1776 = VERTEX_POINT('',#1777);
#1777 = CARTESIAN_POINT('',(137.62,-98.1,0.91));
#1778 = CIRCLE('',#1779,0.4);
#1779 = AXIS2_PLACEMENT_3D('',#1780,#1781,#1782);
#1780 = CARTESIAN_POINT('',(137.62,-97.7,0.91));
#1781 = DIRECTION('',(-0.,0.,-1.));
#1782 = DIRECTION('',(-0.,-1.,0.));
#1783 = FACE_BOUND('',#1784,.T.);
#1784 = EDGE_LOOP('',(#1785));
#1785 = ORIENTED_EDGE('',*,*,#1786,.T.);
#1786 = EDGE_CURVE('',#1787,#1787,#1789,.T.);
#1787 = VERTEX_POINT('',#1788);
#1788 = CARTESIAN_POINT('',(140.16,-98.1,0.91));
#1789 = CIRCLE('',#1790,0.4);
#1790 = AXIS2_PLACEMENT_3D('',#1791,#1792,#1793);
#1791 = CARTESIAN_POINT('',(140.16,-97.7,0.91));
#1792 = DIRECTION('',(-0.,0.,-1.));
#1793 = DIRECTION('',(-0.,-1.,0.));
#1794 = FACE_BOUND('',#1795,.T.);
#1795 = EDGE_LOOP('',(#1796));
#1796 = ORIENTED_EDGE('',*,*,#1797,.T.);
#1797 = EDGE_CURVE('',#1798,#1798,#1800,.T.);
#1798 = VERTEX_POINT('',#1799);
#1799 = CARTESIAN_POINT('',(142.7,-98.1,0.91));
#1800 = CIRCLE('',#1801,0.4);
#1801 = AXIS2_PLACEMENT_3D('',#1802,#1803,#1804);
#1802 = CARTESIAN_POINT('',(142.7,-97.7,0.91));
#1803 = DIRECTION('',(-0.,0.,-1.));
#1804 = DIRECTION('',(-0.,-1.,0.));
#1805 = FACE_BOUND('',#1806,.T.);
#1806 = EDGE_LOOP('',(#1807));
#1807 = ORIENTED_EDGE('',*,*,#1808,.T.);
#1808 = EDGE_CURVE('',#1809,#1809,#1811,.T.);
#1809 = VERTEX_POINT('',#1810);
#1810 = CARTESIAN_POINT('',(145.24,-98.1,0.91));
#1811 = CIRCLE('',#1812,0.4);
#1812 = AXIS2_PLACEMENT_3D('',#1813,#1814,#1815);
#1813 = CARTESIAN_POINT('',(145.24,-97.7,0.91));
#1814 = DIRECTION('',(-0.,0.,-1.));
#1815 = DIRECTION('',(-0.,-1.,0.));
#1816 = FACE_BOUND('',#1817,.T.);
#1817 = EDGE_LOOP('',(#1818));
#1818 = ORIENTED_EDGE('',*,*,#1819,.T.);
#1819 = EDGE_CURVE('',#1820,#1820,#1822,.T.);
#1820 = VERTEX_POINT('',#1821);
#1821 = CARTESIAN_POINT('',(147.78,-98.1,0.91));
#1822 = CIRCLE('',#1823,0.4);
#1823 = AXIS2_PLACEMENT_3D('',#1824,#1825,#1826);
#1824 = CARTESIAN_POINT('',(147.78,-97.7,0.91));
#1825 = DIRECTION('',(-0.,0.,-1.));
#1826 = DIRECTION('',(-0.,-1.,0.));
#1827 = FACE_BOUND('',#1828,.T.);
#1828 = EDGE_LOOP('',(#1829));
#1829 = ORIENTED_EDGE('',*,*,#1830,.T.);
#1830 = EDGE_CURVE('',#1831,#1831,#1833,.T.);
#1831 = VERTEX_POINT('',#1832);
#1832 = CARTESIAN_POINT('',(150.32,-98.1,0.91));
#1833 = CIRCLE('',#1834,0.4);
#1834 = AXIS2_PLACEMENT_3D('',#1835,#1836,#1837);
#1835 = CARTESIAN_POINT('',(150.32,-97.7,0.91));
#1836 = DIRECTION('',(-0.,0.,-1.));
#1837 = DIRECTION('',(-0.,-1.,0.));
#1838 = FACE_BOUND('',#1839,.T.);
#1839 = EDGE_LOOP('',(#1840));
#1840 = ORIENTED_EDGE('',*,*,#1841,.T.);
#1841 = EDGE_CURVE('',#1842,#1842,#1844,.T.);
#1842 = VERTEX_POINT('',#1843);
#1843 = CARTESIAN_POINT('',(152.86,-98.1,0.91));
#1844 = CIRCLE('',#1845,0.4);
#1845 = AXIS2_PLACEMENT_3D('',#1846,#1847,#1848);
#1846 = CARTESIAN_POINT('',(152.86,-97.7,0.91));
#1847 = DIRECTION('',(-0.,0.,-1.));
#1848 = DIRECTION('',(-0.,-1.,0.));
#1849 = FACE_BOUND('',#1850,.T.);
#1850 = EDGE_LOOP('',(#1851));
#1851 = ORIENTED_EDGE('',*,*,#1852,.T.);
#1852 = EDGE_CURVE('',#1853,#1853,#1855,.T.);
#1853 = VERTEX_POINT('',#1854);
#1854 = CARTESIAN_POINT('',(161.5,-97.5,0.91));
#1855 = CIRCLE('',#1856,0.5);
#1856 = AXIS2_PLACEMENT_3D('',#1857,#1858,#1859);
#1857 = CARTESIAN_POINT('',(161.5,-97.,0.91));
#1858 = DIRECTION('',(-0.,0.,-1.));
#1859 = DIRECTION('',(-0.,-1.,0.));
#1860 = FACE_BOUND('',#1861,.T.);
#1861 = EDGE_LOOP('',(#1862));
#1862 = ORIENTED_EDGE('',*,*,#1863,.T.);
#1863 = EDGE_CURVE('',#1864,#1864,#1866,.T.);
#1864 = VERTEX_POINT('',#1865);
#1865 = CARTESIAN_POINT('',(98.5,-84.23,0.91));
#1866 = CIRCLE('',#1867,0.5);
#1867 = AXIS2_PLACEMENT_3D('',#1868,#1869,#1870);
#1868 = CARTESIAN_POINT('',(98.5,-83.73,0.91));
#1869 = DIRECTION('',(-0.,0.,-1.));
#1870 = DIRECTION('',(-0.,-1.,0.));
#1871 = FACE_BOUND('',#1872,.T.);
#1872 = EDGE_LOOP('',(#1873));
#1873 = ORIENTED_EDGE('',*,*,#1874,.T.);
#1874 = EDGE_CURVE('',#1875,#1875,#1877,.T.);
#1875 = VERTEX_POINT('',#1876);
#1876 = CARTESIAN_POINT('',(98.5,-81.69,0.91));
#1877 = CIRCLE('',#1878,0.5);
#1878 = AXIS2_PLACEMENT_3D('',#1879,#1880,#1881);
#1879 = CARTESIAN_POINT('',(98.5,-81.19,0.91));
#1880 = DIRECTION('',(-0.,0.,-1.));
#1881 = DIRECTION('',(-0.,-1.,0.));
#1882 = FACE_BOUND('',#1883,.T.);
#1883 = EDGE_LOOP('',(#1884));
#1884 = ORIENTED_EDGE('',*,*,#1885,.T.);
#1885 = EDGE_CURVE('',#1886,#1886,#1888,.T.);
#1886 = VERTEX_POINT('',#1887);
#1887 = CARTESIAN_POINT('',(108.19,-82.55,0.91));
#1888 = CIRCLE('',#1889,0.55);
#1889 = AXIS2_PLACEMENT_3D('',#1890,#1891,#1892);
#1890 = CARTESIAN_POINT('',(108.19,-82.,0.91));
#1891 = DIRECTION('',(-0.,0.,-1.));
#1892 = DIRECTION('',(-0.,-1.,0.));
#1893 = FACE_BOUND('',#1894,.T.);
#1894 = EDGE_LOOP('',(#1895));
#1895 = ORIENTED_EDGE('',*,*,#1896,.T.);
#1896 = EDGE_CURVE('',#1897,#1897,#1899,.T.);
#1897 = VERTEX_POINT('',#1898);
#1898 = CARTESIAN_POINT('',(98.5,-79.15,0.91));
#1899 = CIRCLE('',#1900,0.5);
#1900 = AXIS2_PLACEMENT_3D('',#1901,#1902,#1903);
#1901 = CARTESIAN_POINT('',(98.5,-78.65,0.91));
#1902 = DIRECTION('',(-0.,0.,-1.));
#1903 = DIRECTION('',(-0.,-1.,0.));
#1904 = FACE_BOUND('',#1905,.T.);
#1905 = EDGE_LOOP('',(#1906));
#1906 = ORIENTED_EDGE('',*,*,#1907,.T.);
#1907 = EDGE_CURVE('',#1908,#1908,#1910,.T.);
#1908 = VERTEX_POINT('',#1909);
#1909 = CARTESIAN_POINT('',(115.81,-82.55,0.91));
#1910 = CIRCLE('',#1911,0.55);
#1911 = AXIS2_PLACEMENT_3D('',#1912,#1913,#1914);
#1912 = CARTESIAN_POINT('',(115.81,-82.,0.91));
#1913 = DIRECTION('',(-0.,0.,-1.));
#1914 = DIRECTION('',(-0.,-1.,0.));
#1915 = FACE_BOUND('',#1916,.T.);
#1916 = EDGE_LOOP('',(#1917));
#1917 = ORIENTED_EDGE('',*,*,#1918,.T.);
#1918 = EDGE_CURVE('',#1919,#1919,#1921,.T.);
#1919 = VERTEX_POINT('',#1920);
#1920 = CARTESIAN_POINT('',(97.73,-69.,0.91));
#1921 = CIRCLE('',#1922,0.5);
#1922 = AXIS2_PLACEMENT_3D('',#1923,#1924,#1925);
#1923 = CARTESIAN_POINT('',(97.73,-68.5,0.91));
#1924 = DIRECTION('',(-0.,0.,-1.));
#1925 = DIRECTION('',(-0.,-1.,0.));
#1926 = FACE_BOUND('',#1927,.T.);
#1927 = EDGE_LOOP('',(#1928));
#1928 = ORIENTED_EDGE('',*,*,#1929,.T.);
#1929 = EDGE_CURVE('',#1930,#1930,#1932,.T.);
#1930 = VERTEX_POINT('',#1931);
#1931 = CARTESIAN_POINT('',(100.27,-69.,0.91));
#1932 = CIRCLE('',#1933,0.5);
#1933 = AXIS2_PLACEMENT_3D('',#1934,#1935,#1936);
#1934 = CARTESIAN_POINT('',(100.27,-68.5,0.91));
#1935 = DIRECTION('',(-0.,0.,-1.));
#1936 = DIRECTION('',(-0.,-1.,0.));
#1937 = FACE_BOUND('',#1938,.T.);
#1938 = EDGE_LOOP('',(#1939));
#1939 = ORIENTED_EDGE('',*,*,#1940,.T.);
#1940 = EDGE_CURVE('',#1941,#1941,#1943,.T.);
#1941 = VERTEX_POINT('',#1942);
#1942 = CARTESIAN_POINT('',(107.14,-72.7,0.91));
#1943 = CIRCLE('',#1944,0.4);
#1944 = AXIS2_PLACEMENT_3D('',#1945,#1946,#1947);
#1945 = CARTESIAN_POINT('',(107.14,-72.3,0.91));
#1946 = DIRECTION('',(-0.,0.,-1.));
#1947 = DIRECTION('',(-0.,-1.,0.));
#1948 = FACE_BOUND('',#1949,.T.);
#1949 = EDGE_LOOP('',(#1950));
#1950 = ORIENTED_EDGE('',*,*,#1951,.T.);
#1951 = EDGE_CURVE('',#1952,#1952,#1954,.T.);
#1952 = VERTEX_POINT('',#1953);
#1953 = CARTESIAN_POINT('',(109.68,-72.7,0.91));
#1954 = CIRCLE('',#1955,0.4);
#1955 = AXIS2_PLACEMENT_3D('',#1956,#1957,#1958);
#1956 = CARTESIAN_POINT('',(109.68,-72.3,0.91));
#1957 = DIRECTION('',(-0.,0.,-1.));
#1958 = DIRECTION('',(-0.,-1.,0.));
#1959 = FACE_BOUND('',#1960,.T.);
#1960 = EDGE_LOOP('',(#1961));
#1961 = ORIENTED_EDGE('',*,*,#1962,.T.);
#1962 = EDGE_CURVE('',#1963,#1963,#1965,.T.);
#1963 = VERTEX_POINT('',#1964);
#1964 = CARTESIAN_POINT('',(112.22,-72.7,0.91));
#1965 = CIRCLE('',#1966,0.4);
#1966 = AXIS2_PLACEMENT_3D('',#1967,#1968,#1969);
#1967 = CARTESIAN_POINT('',(112.22,-72.3,0.91));
#1968 = DIRECTION('',(-0.,0.,-1.));
#1969 = DIRECTION('',(-0.,-1.,0.));
#1970 = FACE_BOUND('',#1971,.T.);
#1971 = EDGE_LOOP('',(#1972));
#1972 = ORIENTED_EDGE('',*,*,#1973,.T.);
#1973 = EDGE_CURVE('',#1974,#1974,#1976,.T.);
#1974 = VERTEX_POINT('',#1975);
#1975 = CARTESIAN_POINT('',(111.,-67.9,0.91));
#1976 = CIRCLE('',#1977,0.4);
#1977 = AXIS2_PLACEMENT_3D('',#1978,#1979,#1980);
#1978 = CARTESIAN_POINT('',(111.,-67.5,0.91));
#1979 = DIRECTION('',(-0.,0.,-1.));
#1980 = DIRECTION('',(-0.,-1.,0.));
#1981 = FACE_BOUND('',#1982,.T.);
#1982 = EDGE_LOOP('',(#1983));
#1983 = ORIENTED_EDGE('',*,*,#1984,.T.);
#1984 = EDGE_CURVE('',#1985,#1985,#1987,.T.);
#1985 = VERTEX_POINT('',#1986);
#1986 = CARTESIAN_POINT('',(113.,-67.9,0.91));
#1987 = CIRCLE('',#1988,0.4);
#1988 = AXIS2_PLACEMENT_3D('',#1989,#1990,#1991);
#1989 = CARTESIAN_POINT('',(113.,-67.5,0.91));
#1990 = DIRECTION('',(-0.,0.,-1.));
#1991 = DIRECTION('',(-0.,-1.,0.));
#1992 = FACE_BOUND('',#1993,.T.);
#1993 = EDGE_LOOP('',(#1994));
#1994 = ORIENTED_EDGE('',*,*,#1995,.T.);
#1995 = EDGE_CURVE('',#1996,#1996,#1998,.T.);
#1996 = VERTEX_POINT('',#1997);
#1997 = CARTESIAN_POINT('',(97.73,-63.05,0.91));
#1998 = CIRCLE('',#1999,0.45);
#1999 = AXIS2_PLACEMENT_3D('',#2000,#2001,#2002);
#2000 = CARTESIAN_POINT('',(97.73,-62.6,0.91));
#2001 = DIRECTION('',(-0.,0.,-1.));
#2002 = DIRECTION('',(-0.,-1.,0.));
#2003 = FACE_BOUND('',#2004,.T.);
#2004 = EDGE_LOOP('',(#2005));
#2005 = ORIENTED_EDGE('',*,*,#2006,.T.);
#2006 = EDGE_CURVE('',#2007,#2007,#2009,.T.);
#2007 = VERTEX_POINT('',#2008);
#2008 = CARTESIAN_POINT('',(100.27,-63.05,0.91));
#2009 = CIRCLE('',#2010,0.45);
#2010 = AXIS2_PLACEMENT_3D('',#2011,#2012,#2013);
#2011 = CARTESIAN_POINT('',(100.27,-62.6,0.91));
#2012 = DIRECTION('',(-0.,0.,-1.));
#2013 = DIRECTION('',(-0.,-1.,0.));
#2014 = FACE_BOUND('',#2015,.T.);
#2015 = EDGE_LOOP('',(#2016));
#2016 = ORIENTED_EDGE('',*,*,#2017,.T.);
#2017 = EDGE_CURVE('',#2018,#2018,#2020,.T.);
#2018 = VERTEX_POINT('',#2019);
#2019 = CARTESIAN_POINT('',(102.69,-63.,0.91));
#2020 = CIRCLE('',#2021,0.4);
#2021 = AXIS2_PLACEMENT_3D('',#2022,#2023,#2024);
#2022 = CARTESIAN_POINT('',(102.69,-62.6,0.91));
#2023 = DIRECTION('',(-0.,0.,-1.));
#2024 = DIRECTION('',(-0.,-1.,0.));
#2025 = FACE_BOUND('',#2026,.T.);
#2026 = EDGE_LOOP('',(#2027));
#2027 = ORIENTED_EDGE('',*,*,#2028,.T.);
#2028 = EDGE_CURVE('',#2029,#2029,#2031,.T.);
#2029 = VERTEX_POINT('',#2030);
#2030 = CARTESIAN_POINT('',(110.31,-63.,0.91));
#2031 = CIRCLE('',#2032,0.4);
#2032 = AXIS2_PLACEMENT_3D('',#2033,#2034,#2035);
#2033 = CARTESIAN_POINT('',(110.31,-62.6,0.91));
#2034 = DIRECTION('',(-0.,0.,-1.));
#2035 = DIRECTION('',(-0.,-1.,0.));
#2036 = FACE_BOUND('',#2037,.T.);
#2037 = EDGE_LOOP('',(#2038));
#2038 = ORIENTED_EDGE('',*,*,#2039,.T.);
#2039 = EDGE_CURVE('',#2040,#2040,#2042,.T.);
#2040 = VERTEX_POINT('',#2041);
#2041 = CARTESIAN_POINT('',(114.76,-72.7,0.91));
#2042 = CIRCLE('',#2043,0.4);
#2043 = AXIS2_PLACEMENT_3D('',#2044,#2045,#2046);
#2044 = CARTESIAN_POINT('',(114.76,-72.3,0.91));
#2045 = DIRECTION('',(-0.,0.,-1.));
#2046 = DIRECTION('',(3.5527136788E-14,-1.,-0.));
#2047 = FACE_BOUND('',#2048,.T.);
#2048 = EDGE_LOOP('',(#2049));
#2049 = ORIENTED_EDGE('',*,*,#2050,.T.);
#2050 = EDGE_CURVE('',#2051,#2051,#2053,.T.);
#2051 = VERTEX_POINT('',#2052);
#2052 = CARTESIAN_POINT('',(117.3,-72.7,0.91));
#2053 = CIRCLE('',#2054,0.4);
#2054 = AXIS2_PLACEMENT_3D('',#2055,#2056,#2057);
#2055 = CARTESIAN_POINT('',(117.3,-72.3,0.91));
#2056 = DIRECTION('',(-0.,0.,-1.));
#2057 = DIRECTION('',(-3.552713678801E-14,-1.,0.));
#2058 = FACE_BOUND('',#2059,.T.);
#2059 = EDGE_LOOP('',(#2060));
#2060 = ORIENTED_EDGE('',*,*,#2061,.T.);
#2061 = EDGE_CURVE('',#2062,#2062,#2064,.T.);
#2062 = VERTEX_POINT('',#2063);
#2063 = CARTESIAN_POINT('',(119.84,-72.7,0.91));
#2064 = CIRCLE('',#2065,0.4);
#2065 = AXIS2_PLACEMENT_3D('',#2066,#2067,#2068);
#2066 = CARTESIAN_POINT('',(119.84,-72.3,0.91));
#2067 = DIRECTION('',(-0.,0.,-1.));
#2068 = DIRECTION('',(-0.,-1.,0.));
#2069 = FACE_BOUND('',#2070,.T.);
#2070 = EDGE_LOOP('',(#2071));
#2071 = ORIENTED_EDGE('',*,*,#2072,.T.);
#2072 = EDGE_CURVE('',#2073,#2073,#2075,.T.);
#2073 = VERTEX_POINT('',#2074);
#2074 = CARTESIAN_POINT('',(122.38,-72.7,0.91));
#2075 = CIRCLE('',#2076,0.4);
#2076 = AXIS2_PLACEMENT_3D('',#2077,#2078,#2079);
#2077 = CARTESIAN_POINT('',(122.38,-72.3,0.91));
#2078 = DIRECTION('',(-0.,0.,-1.));
#2079 = DIRECTION('',(-0.,-1.,0.));
#2080 = FACE_BOUND('',#2081,.T.);
#2081 = EDGE_LOOP('',(#2082));
#2082 = ORIENTED_EDGE('',*,*,#2083,.T.);
#2083 = EDGE_CURVE('',#2084,#2084,#2086,.T.);
#2084 = VERTEX_POINT('',#2085);
#2085 = CARTESIAN_POINT('',(124.92,-72.7,0.91));
#2086 = CIRCLE('',#2087,0.4);
#2087 = AXIS2_PLACEMENT_3D('',#2088,#2089,#2090);
#2088 = CARTESIAN_POINT('',(124.92,-72.3,0.91));
#2089 = DIRECTION('',(-0.,0.,-1.));
#2090 = DIRECTION('',(3.5527136788E-14,-1.,-0.));
#2091 = FACE_BOUND('',#2092,.T.);
#2092 = EDGE_LOOP('',(#2093));
#2093 = ORIENTED_EDGE('',*,*,#2094,.T.);
#2094 = EDGE_CURVE('',#2095,#2095,#2097,.T.);
#2095 = VERTEX_POINT('',#2096);
#2096 = CARTESIAN_POINT('',(127.46,-72.7,0.91));
#2097 = CIRCLE('',#2098,0.4);
#2098 = AXIS2_PLACEMENT_3D('',#2099,#2100,#2101);
#2099 = CARTESIAN_POINT('',(127.46,-72.3,0.91));
#2100 = DIRECTION('',(-0.,0.,-1.));
#2101 = DIRECTION('',(-3.552713678801E-14,-1.,0.));
#2102 = FACE_BOUND('',#2103,.T.);
#2103 = EDGE_LOOP('',(#2104));
#2104 = ORIENTED_EDGE('',*,*,#2105,.T.);
#2105 = EDGE_CURVE('',#2106,#2106,#2108,.T.);
#2106 = VERTEX_POINT('',#2107);
#2107 = CARTESIAN_POINT('',(130.,-72.7,0.91));
#2108 = CIRCLE('',#2109,0.4);
#2109 = AXIS2_PLACEMENT_3D('',#2110,#2111,#2112);
#2110 = CARTESIAN_POINT('',(130.,-72.3,0.91));
#2111 = DIRECTION('',(-0.,0.,-1.));
#2112 = DIRECTION('',(-0.,-1.,0.));
#2113 = FACE_BOUND('',#2114,.T.);
#2114 = EDGE_LOOP('',(#2115));
#2115 = ORIENTED_EDGE('',*,*,#2116,.T.);
#2116 = EDGE_CURVE('',#2117,#2117,#2119,.T.);
#2117 = VERTEX_POINT('',#2118);
#2118 = CARTESIAN_POINT('',(126.19,-68.5,0.91));
#2119 = CIRCLE('',#2120,0.5);
#2120 = AXIS2_PLACEMENT_3D('',#2121,#2122,#2123);
#2121 = CARTESIAN_POINT('',(126.19,-68.,0.91));
#2122 = DIRECTION('',(-0.,0.,-1.));
#2123 = DIRECTION('',(-0.,-1.,0.));
#2124 = FACE_BOUND('',#2125,.T.);
#2125 = EDGE_LOOP('',(#2126));
#2126 = ORIENTED_EDGE('',*,*,#2127,.T.);
#2127 = EDGE_CURVE('',#2128,#2128,#2130,.T.);
#2128 = VERTEX_POINT('',#2129);
#2129 = CARTESIAN_POINT('',(128.73,-68.5,0.91));
#2130 = CIRCLE('',#2131,0.5);
#2131 = AXIS2_PLACEMENT_3D('',#2132,#2133,#2134);
#2132 = CARTESIAN_POINT('',(128.73,-68.,0.91));
#2133 = DIRECTION('',(-0.,0.,-1.));
#2134 = DIRECTION('',(-0.,-1.,0.));
#2135 = FACE_BOUND('',#2136,.T.);
#2136 = EDGE_LOOP('',(#2137));
#2137 = ORIENTED_EDGE('',*,*,#2138,.T.);
#2138 = EDGE_CURVE('',#2139,#2139,#2141,.T.);
#2139 = VERTEX_POINT('',#2140);
#2140 = CARTESIAN_POINT('',(121.,-67.43,0.91));
#2141 = CIRCLE('',#2142,1.25);
#2142 = AXIS2_PLACEMENT_3D('',#2143,#2144,#2145);
#2143 = CARTESIAN_POINT('',(121.,-66.18,0.91));
#2144 = DIRECTION('',(-0.,0.,-1.));
#2145 = DIRECTION('',(-0.,-1.,0.));
#2146 = FACE_BOUND('',#2147,.T.);
#2147 = EDGE_LOOP('',(#2148));
#2148 = ORIENTED_EDGE('',*,*,#2149,.T.);
#2149 = EDGE_CURVE('',#2150,#2150,#2152,.T.);
#2150 = VERTEX_POINT('',#2151);
#2151 = CARTESIAN_POINT('',(118.25,-66.05,0.91));
#2152 = CIRCLE('',#2153,0.5);
#2153 = AXIS2_PLACEMENT_3D('',#2154,#2155,#2156);
#2154 = CARTESIAN_POINT('',(118.25,-65.55,0.91));
#2155 = DIRECTION('',(-0.,0.,-1.));
#2156 = DIRECTION('',(-0.,-1.,0.));
#2157 = FACE_BOUND('',#2158,.T.);
#2158 = EDGE_LOOP('',(#2159));
#2159 = ORIENTED_EDGE('',*,*,#2160,.T.);
#2160 = EDGE_CURVE('',#2161,#2161,#2163,.T.);
#2161 = VERTEX_POINT('',#2162);
#2162 = CARTESIAN_POINT('',(116.35,-62.33,0.91));
#2163 = CIRCLE('',#2164,0.5);
#2164 = AXIS2_PLACEMENT_3D('',#2165,#2166,#2167);
#2165 = CARTESIAN_POINT('',(116.35,-61.83,0.91));
#2166 = DIRECTION('',(-0.,0.,-1.));
#2167 = DIRECTION('',(-0.,-1.,0.));
#2168 = FACE_BOUND('',#2169,.T.);
#2169 = EDGE_LOOP('',(#2170));
#2170 = ORIENTED_EDGE('',*,*,#2171,.T.);
#2171 = EDGE_CURVE('',#2172,#2172,#2174,.T.);
#2172 = VERTEX_POINT('',#2173);
#2173 = CARTESIAN_POINT('',(118.25,-63.51,0.91));
#2174 = CIRCLE('',#2175,0.5);
#2175 = AXIS2_PLACEMENT_3D('',#2176,#2177,#2178);
#2176 = CARTESIAN_POINT('',(118.25,-63.01,0.91));
#2177 = DIRECTION('',(-0.,0.,-1.));
#2178 = DIRECTION('',(-0.,-1.,0.));
#2179 = FACE_BOUND('',#2180,.T.);
#2180 = EDGE_LOOP('',(#2181));
#2181 = ORIENTED_EDGE('',*,*,#2182,.T.);
#2182 = EDGE_CURVE('',#2183,#2183,#2185,.T.);
#2183 = VERTEX_POINT('',#2184);
#2184 = CARTESIAN_POINT('',(121.,-63.63,0.91));
#2185 = CIRCLE('',#2186,1.25);
#2186 = AXIS2_PLACEMENT_3D('',#2187,#2188,#2189);
#2187 = CARTESIAN_POINT('',(121.,-62.38,0.91));
#2188 = DIRECTION('',(-0.,0.,-1.));
#2189 = DIRECTION('',(-0.,-1.,0.));
#2190 = FACE_BOUND('',#2191,.T.);
#2191 = EDGE_LOOP('',(#2192));
#2192 = ORIENTED_EDGE('',*,*,#2193,.T.);
#2193 = EDGE_CURVE('',#2194,#2194,#2196,.T.);
#2194 = VERTEX_POINT('',#2195);
#2195 = CARTESIAN_POINT('',(123.75,-66.05,0.91));
#2196 = CIRCLE('',#2197,0.5);
#2197 = AXIS2_PLACEMENT_3D('',#2198,#2199,#2200);
#2198 = CARTESIAN_POINT('',(123.75,-65.55,0.91));
#2199 = DIRECTION('',(-0.,0.,-1.));
#2200 = DIRECTION('',(-0.,-1.,0.));
#2201 = FACE_BOUND('',#2202,.T.);
#2202 = EDGE_LOOP('',(#2203));
#2203 = ORIENTED_EDGE('',*,*,#2204,.T.);
#2204 = EDGE_CURVE('',#2205,#2205,#2207,.T.);
#2205 = VERTEX_POINT('',#2206);
#2206 = CARTESIAN_POINT('',(123.75,-63.51,0.91));
#2207 = CIRCLE('',#2208,0.5);
#2208 = AXIS2_PLACEMENT_3D('',#2209,#2210,#2211);
#2209 = CARTESIAN_POINT('',(123.75,-63.01,0.91));
#2210 = DIRECTION('',(-0.,0.,-1.));
#2211 = DIRECTION('',(-0.,-1.,0.));
#2212 = FACE_BOUND('',#2213,.T.);
#2213 = EDGE_LOOP('',(#2214));
#2214 = ORIENTED_EDGE('',*,*,#2215,.T.);
#2215 = EDGE_CURVE('',#2216,#2216,#2218,.T.);
#2216 = VERTEX_POINT('',#2217);
#2217 = CARTESIAN_POINT('',(144.19,-82.55,0.91));
#2218 = CIRCLE('',#2219,0.55);
#2219 = AXIS2_PLACEMENT_3D('',#2220,#2221,#2222);
#2220 = CARTESIAN_POINT('',(144.19,-82.,0.91));
#2221 = DIRECTION('',(-0.,0.,-1.));
#2222 = DIRECTION('',(-0.,-1.,0.));
#2223 = FACE_BOUND('',#2224,.T.);
#2224 = EDGE_LOOP('',(#2225));
#2225 = ORIENTED_EDGE('',*,*,#2226,.T.);
#2226 = EDGE_CURVE('',#2227,#2227,#2229,.T.);
#2227 = VERTEX_POINT('',#2228);
#2228 = CARTESIAN_POINT('',(151.81,-82.55,0.91));
#2229 = CIRCLE('',#2230,0.55);
#2230 = AXIS2_PLACEMENT_3D('',#2231,#2232,#2233);
#2231 = CARTESIAN_POINT('',(151.81,-82.,0.91));
#2232 = DIRECTION('',(-0.,0.,-1.));
#2233 = DIRECTION('',(-0.,-1.,0.));
#2234 = FACE_BOUND('',#2235,.T.);
#2235 = EDGE_LOOP('',(#2236));
#2236 = ORIENTED_EDGE('',*,*,#2237,.T.);
#2237 = EDGE_CURVE('',#2238,#2238,#2240,.T.);
#2238 = VERTEX_POINT('',#2239);
#2239 = CARTESIAN_POINT('',(132.54,-72.7,0.91));
#2240 = CIRCLE('',#2241,0.4);
#2241 = AXIS2_PLACEMENT_3D('',#2242,#2243,#2244);
#2242 = CARTESIAN_POINT('',(132.54,-72.3,0.91));
#2243 = DIRECTION('',(-0.,0.,-1.));
#2244 = DIRECTION('',(-0.,-1.,0.));
#2245 = FACE_BOUND('',#2246,.T.);
#2246 = EDGE_LOOP('',(#2247));
#2247 = ORIENTED_EDGE('',*,*,#2248,.T.);
#2248 = EDGE_CURVE('',#2249,#2249,#2251,.T.);
#2249 = VERTEX_POINT('',#2250);
#2250 = CARTESIAN_POINT('',(135.08,-72.7,0.91));
#2251 = CIRCLE('',#2252,0.4);
#2252 = AXIS2_PLACEMENT_3D('',#2253,#2254,#2255);
#2253 = CARTESIAN_POINT('',(135.08,-72.3,0.91));
#2254 = DIRECTION('',(-0.,0.,-1.));
#2255 = DIRECTION('',(7.105427357601E-14,-1.,-0.));
#2256 = FACE_BOUND('',#2257,.T.);
#2257 = EDGE_LOOP('',(#2258));
#2258 = ORIENTED_EDGE('',*,*,#2259,.T.);
#2259 = EDGE_CURVE('',#2260,#2260,#2262,.T.);
#2260 = VERTEX_POINT('',#2261);
#2261 = CARTESIAN_POINT('',(137.62,-72.7,0.91));
#2262 = CIRCLE('',#2263,0.4);
#2263 = AXIS2_PLACEMENT_3D('',#2264,#2265,#2266);
#2264 = CARTESIAN_POINT('',(137.62,-72.3,0.91));
#2265 = DIRECTION('',(-0.,0.,-1.));
#2266 = DIRECTION('',(-0.,-1.,0.));
#2267 = FACE_BOUND('',#2268,.T.);
#2268 = EDGE_LOOP('',(#2269));
#2269 = ORIENTED_EDGE('',*,*,#2270,.T.);
#2270 = EDGE_CURVE('',#2271,#2271,#2273,.T.);
#2271 = VERTEX_POINT('',#2272);
#2272 = CARTESIAN_POINT('',(131.27,-68.5,0.91));
#2273 = CIRCLE('',#2274,0.5);
#2274 = AXIS2_PLACEMENT_3D('',#2275,#2276,#2277);
#2275 = CARTESIAN_POINT('',(131.27,-68.,0.91));
#2276 = DIRECTION('',(-0.,0.,-1.));
#2277 = DIRECTION('',(-0.,-1.,0.));
#2278 = FACE_BOUND('',#2279,.T.);
#2279 = EDGE_LOOP('',(#2280));
#2280 = ORIENTED_EDGE('',*,*,#2281,.T.);
#2281 = EDGE_CURVE('',#2282,#2282,#2284,.T.);
#2282 = VERTEX_POINT('',#2283);
#2283 = CARTESIAN_POINT('',(133.81,-68.5,0.91));
#2284 = CIRCLE('',#2285,0.5);
#2285 = AXIS2_PLACEMENT_3D('',#2286,#2287,#2288);
#2286 = CARTESIAN_POINT('',(133.81,-68.,0.91));
#2287 = DIRECTION('',(-0.,0.,-1.));
#2288 = DIRECTION('',(-0.,-1.,0.));
#2289 = FACE_BOUND('',#2290,.T.);
#2290 = EDGE_LOOP('',(#2291));
#2291 = ORIENTED_EDGE('',*,*,#2292,.T.);
#2292 = EDGE_CURVE('',#2293,#2293,#2295,.T.);
#2293 = VERTEX_POINT('',#2294);
#2294 = CARTESIAN_POINT('',(140.16,-72.7,0.91));
#2295 = CIRCLE('',#2296,0.4);
#2296 = AXIS2_PLACEMENT_3D('',#2297,#2298,#2299);
#2297 = CARTESIAN_POINT('',(140.16,-72.3,0.91));
#2298 = DIRECTION('',(-0.,0.,-1.));
#2299 = DIRECTION('',(-0.,-1.,0.));
#2300 = FACE_BOUND('',#2301,.T.);
#2301 = EDGE_LOOP('',(#2302));
#2302 = ORIENTED_EDGE('',*,*,#2303,.T.);
#2303 = EDGE_CURVE('',#2304,#2304,#2306,.T.);
#2304 = VERTEX_POINT('',#2305);
#2305 = CARTESIAN_POINT('',(142.7,-72.7,0.91));
#2306 = CIRCLE('',#2307,0.4);
#2307 = AXIS2_PLACEMENT_3D('',#2308,#2309,#2310);
#2308 = CARTESIAN_POINT('',(142.7,-72.3,0.91));
#2309 = DIRECTION('',(-0.,0.,-1.));
#2310 = DIRECTION('',(-0.,-1.,0.));
#2311 = FACE_BOUND('',#2312,.T.);
#2312 = EDGE_LOOP('',(#2313));
#2313 = ORIENTED_EDGE('',*,*,#2314,.T.);
#2314 = EDGE_CURVE('',#2315,#2315,#2317,.T.);
#2315 = VERTEX_POINT('',#2316);
#2316 = CARTESIAN_POINT('',(145.24,-72.7,0.91));
#2317 = CIRCLE('',#2318,0.4);
#2318 = AXIS2_PLACEMENT_3D('',#2319,#2320,#2321);
#2319 = CARTESIAN_POINT('',(145.24,-72.3,0.91));
#2320 = DIRECTION('',(-0.,0.,-1.));
#2321 = DIRECTION('',(-0.,-1.,0.));
#2322 = FACE_BOUND('',#2323,.T.);
#2323 = EDGE_LOOP('',(#2324));
#2324 = ORIENTED_EDGE('',*,*,#2325,.T.);
#2325 = EDGE_CURVE('',#2326,#2326,#2328,.T.);
#2326 = VERTEX_POINT('',#2327);
#2327 = CARTESIAN_POINT('',(136.25,-66.05,0.91));
#2328 = CIRCLE('',#2329,0.5);
#2329 = AXIS2_PLACEMENT_3D('',#2330,#2331,#2332);
#2330 = CARTESIAN_POINT('',(136.25,-65.55,0.91));
#2331 = DIRECTION('',(-0.,0.,-1.));
#2332 = DIRECTION('',(-0.,-1.,0.));
#2333 = FACE_BOUND('',#2334,.T.);
#2334 = EDGE_LOOP('',(#2335));
#2335 = ORIENTED_EDGE('',*,*,#2336,.T.);
#2336 = EDGE_CURVE('',#2337,#2337,#2339,.T.);
#2337 = VERTEX_POINT('',#2338);
#2338 = CARTESIAN_POINT('',(136.25,-63.51,0.91));
#2339 = CIRCLE('',#2340,0.5);
#2340 = AXIS2_PLACEMENT_3D('',#2341,#2342,#2343);
#2341 = CARTESIAN_POINT('',(136.25,-63.01,0.91));
#2342 = DIRECTION('',(-0.,0.,-1.));
#2343 = DIRECTION('',(-0.,-1.,0.));
#2344 = FACE_BOUND('',#2345,.T.);
#2345 = EDGE_LOOP('',(#2346));
#2346 = ORIENTED_EDGE('',*,*,#2347,.T.);
#2347 = EDGE_CURVE('',#2348,#2348,#2350,.T.);
#2348 = VERTEX_POINT('',#2349);
#2349 = CARTESIAN_POINT('',(139.,-67.43,0.91));
#2350 = CIRCLE('',#2351,1.25);
#2351 = AXIS2_PLACEMENT_3D('',#2352,#2353,#2354);
#2352 = CARTESIAN_POINT('',(139.,-66.18,0.91));
#2353 = DIRECTION('',(-0.,0.,-1.));
#2354 = DIRECTION('',(-0.,-1.,0.));
#2355 = FACE_BOUND('',#2356,.T.);
#2356 = EDGE_LOOP('',(#2357));
#2357 = ORIENTED_EDGE('',*,*,#2358,.T.);
#2358 = EDGE_CURVE('',#2359,#2359,#2361,.T.);
#2359 = VERTEX_POINT('',#2360);
#2360 = CARTESIAN_POINT('',(141.75,-66.05,0.91));
#2361 = CIRCLE('',#2362,0.5);
#2362 = AXIS2_PLACEMENT_3D('',#2363,#2364,#2365);
#2363 = CARTESIAN_POINT('',(141.75,-65.55,0.91));
#2364 = DIRECTION('',(-0.,0.,-1.));
#2365 = DIRECTION('',(-0.,-1.,0.));
#2366 = FACE_BOUND('',#2367,.T.);
#2367 = EDGE_LOOP('',(#2368));
#2368 = ORIENTED_EDGE('',*,*,#2369,.T.);
#2369 = EDGE_CURVE('',#2370,#2370,#2372,.T.);
#2370 = VERTEX_POINT('',#2371);
#2371 = CARTESIAN_POINT('',(143.65,-67.23,0.91));
#2372 = CIRCLE('',#2373,0.5);
#2373 = AXIS2_PLACEMENT_3D('',#2374,#2375,#2376);
#2374 = CARTESIAN_POINT('',(143.65,-66.73,0.91));
#2375 = DIRECTION('',(-0.,0.,-1.));
#2376 = DIRECTION('',(-0.,-1.,0.));
#2377 = FACE_BOUND('',#2378,.T.);
#2378 = EDGE_LOOP('',(#2379));
#2379 = ORIENTED_EDGE('',*,*,#2380,.T.);
#2380 = EDGE_CURVE('',#2381,#2381,#2383,.T.);
#2381 = VERTEX_POINT('',#2382);
#2382 = CARTESIAN_POINT('',(141.75,-63.51,0.91));
#2383 = CIRCLE('',#2384,0.5);
#2384 = AXIS2_PLACEMENT_3D('',#2385,#2386,#2387);
#2385 = CARTESIAN_POINT('',(141.75,-63.01,0.91));
#2386 = DIRECTION('',(-0.,0.,-1.));
#2387 = DIRECTION('',(-0.,-1.,0.));
#2388 = FACE_BOUND('',#2389,.T.);
#2389 = EDGE_LOOP('',(#2390));
#2390 = ORIENTED_EDGE('',*,*,#2391,.T.);
#2391 = EDGE_CURVE('',#2392,#2392,#2394,.T.);
#2392 = VERTEX_POINT('',#2393);
#2393 = CARTESIAN_POINT('',(139.,-63.63,0.91));
#2394 = CIRCLE('',#2395,1.25);
#2395 = AXIS2_PLACEMENT_3D('',#2396,#2397,#2398);
#2396 = CARTESIAN_POINT('',(139.,-62.38,0.91));
#2397 = DIRECTION('',(-0.,0.,-1.));
#2398 = DIRECTION('',(-0.,-1.,0.));
#2399 = FACE_BOUND('',#2400,.T.);
#2400 = EDGE_LOOP('',(#2401));
#2401 = ORIENTED_EDGE('',*,*,#2402,.T.);
#2402 = EDGE_CURVE('',#2403,#2403,#2405,.T.);
#2403 = VERTEX_POINT('',#2404);
#2404 = CARTESIAN_POINT('',(147.78,-72.7,0.91));
#2405 = CIRCLE('',#2406,0.4);
#2406 = AXIS2_PLACEMENT_3D('',#2407,#2408,#2409);
#2407 = CARTESIAN_POINT('',(147.78,-72.3,0.91));
#2408 = DIRECTION('',(-0.,0.,-1.));
#2409 = DIRECTION('',(-0.,-1.,0.));
#2410 = FACE_BOUND('',#2411,.T.);
#2411 = EDGE_LOOP('',(#2412));
#2412 = ORIENTED_EDGE('',*,*,#2413,.T.);
#2413 = EDGE_CURVE('',#2414,#2414,#2416,.T.);
#2414 = VERTEX_POINT('',#2415);
#2415 = CARTESIAN_POINT('',(150.31728,-72.70368,0.91));
#2416 = CIRCLE('',#2417,0.4);
#2417 = AXIS2_PLACEMENT_3D('',#2418,#2419,#2420);
#2418 = CARTESIAN_POINT('',(150.31728,-72.30368,0.91));
#2419 = DIRECTION('',(-0.,0.,-1.));
#2420 = DIRECTION('',(7.105427357601E-14,-1.,-0.));
#2421 = FACE_BOUND('',#2422,.T.);
#2422 = EDGE_LOOP('',(#2423));
#2423 = ORIENTED_EDGE('',*,*,#2424,.T.);
#2424 = EDGE_CURVE('',#2425,#2425,#2427,.T.);
#2425 = VERTEX_POINT('',#2426);
#2426 = CARTESIAN_POINT('',(152.85728,-72.70368,0.91));
#2427 = CIRCLE('',#2428,0.4);
#2428 = AXIS2_PLACEMENT_3D('',#2429,#2430,#2431);
#2429 = CARTESIAN_POINT('',(152.85728,-72.30368,0.91));
#2430 = DIRECTION('',(-0.,0.,-1.));
#2431 = DIRECTION('',(-0.,-1.,0.));
#2432 = FACE_BOUND('',#2433,.T.);
#2433 = EDGE_LOOP('',(#2434));
#2434 = ORIENTED_EDGE('',*,*,#2435,.T.);
#2435 = EDGE_CURVE('',#2436,#2436,#2438,.T.);
#2436 = VERTEX_POINT('',#2437);
#2437 = CARTESIAN_POINT('',(147.,-67.9,0.91));
#2438 = CIRCLE('',#2439,0.4);
#2439 = AXIS2_PLACEMENT_3D('',#2440,#2441,#2442);
#2440 = CARTESIAN_POINT('',(147.,-67.5,0.91));
#2441 = DIRECTION('',(-0.,0.,-1.));
#2442 = DIRECTION('',(-0.,-1.,0.));
#2443 = FACE_BOUND('',#2444,.T.);
#2444 = EDGE_LOOP('',(#2445));
#2445 = ORIENTED_EDGE('',*,*,#2446,.T.);
#2446 = EDGE_CURVE('',#2447,#2447,#2449,.T.);
#2447 = VERTEX_POINT('',#2448);
#2448 = CARTESIAN_POINT('',(149.,-67.9,0.91));
#2449 = CIRCLE('',#2450,0.4);
#2450 = AXIS2_PLACEMENT_3D('',#2451,#2452,#2453);
#2451 = CARTESIAN_POINT('',(149.,-67.5,0.91));
#2452 = DIRECTION('',(-0.,0.,-1.));
#2453 = DIRECTION('',(-0.,-1.,0.));
#2454 = FACE_BOUND('',#2455,.T.);
#2455 = EDGE_LOOP('',(#2456));
#2456 = ORIENTED_EDGE('',*,*,#2457,.T.);
#2457 = EDGE_CURVE('',#2458,#2458,#2460,.T.);
#2458 = VERTEX_POINT('',#2459);
#2459 = CARTESIAN_POINT('',(159.73,-69.,0.91));
#2460 = CIRCLE('',#2461,0.5);
#2461 = AXIS2_PLACEMENT_3D('',#2462,#2463,#2464);
#2462 = CARTESIAN_POINT('',(159.73,-68.5,0.91));
#2463 = DIRECTION('',(-0.,0.,-1.));
#2464 = DIRECTION('',(-0.,-1.,0.));
#2465 = FACE_BOUND('',#2466,.T.);
#2466 = EDGE_LOOP('',(#2467));
#2467 = ORIENTED_EDGE('',*,*,#2468,.T.);
#2468 = EDGE_CURVE('',#2469,#2469,#2471,.T.);
#2469 = VERTEX_POINT('',#2470);
#2470 = CARTESIAN_POINT('',(162.27,-69.,0.91));
#2471 = CIRCLE('',#2472,0.5);
#2472 = AXIS2_PLACEMENT_3D('',#2473,#2474,#2475);
#2473 = CARTESIAN_POINT('',(162.27,-68.5,0.91));
#2474 = DIRECTION('',(-0.,0.,-1.));
#2475 = DIRECTION('',(-0.,-1.,0.));
#2476 = FACE_BOUND('',#2477,.T.);
#2477 = EDGE_LOOP('',(#2478));
#2478 = ORIENTED_EDGE('',*,*,#2479,.T.);
#2479 = EDGE_CURVE('',#2480,#2480,#2482,.T.);
#2480 = VERTEX_POINT('',#2481);
#2481 = CARTESIAN_POINT('',(149.69,-63.,0.91));
#2482 = CIRCLE('',#2483,0.4);
#2483 = AXIS2_PLACEMENT_3D('',#2484,#2485,#2486);
#2484 = CARTESIAN_POINT('',(149.69,-62.6,0.91));
#2485 = DIRECTION('',(-0.,0.,-1.));
#2486 = DIRECTION('',(-0.,-1.,0.));
#2487 = FACE_BOUND('',#2488,.T.);
#2488 = EDGE_LOOP('',(#2489));
#2489 = ORIENTED_EDGE('',*,*,#2490,.T.);
#2490 = EDGE_CURVE('',#2491,#2491,#2493,.T.);
#2491 = VERTEX_POINT('',#2492);
#2492 = CARTESIAN_POINT('',(157.31,-63.,0.91));
#2493 = CIRCLE('',#2494,0.4);
#2494 = AXIS2_PLACEMENT_3D('',#2495,#2496,#2497);
#2495 = CARTESIAN_POINT('',(157.31,-62.6,0.91));
#2496 = DIRECTION('',(-0.,0.,-1.));
#2497 = DIRECTION('',(-0.,-1.,0.));
#2498 = FACE_BOUND('',#2499,.T.);
#2499 = EDGE_LOOP('',(#2500));
#2500 = ORIENTED_EDGE('',*,*,#2501,.T.);
#2501 = EDGE_CURVE('',#2502,#2502,#2504,.T.);
#2502 = VERTEX_POINT('',#2503);
#2503 = CARTESIAN_POINT('',(159.73,-63.05,0.91));
#2504 = CIRCLE('',#2505,0.45);
#2505 = AXIS2_PLACEMENT_3D('',#2506,#2507,#2508);
#2506 = CARTESIAN_POINT('',(159.73,-62.6,0.91));
#2507 = DIRECTION('',(-0.,0.,-1.));
#2508 = DIRECTION('',(-6.315935428979E-14,-1.,0.));
#2509 = FACE_BOUND('',#2510,.T.);
#2510 = EDGE_LOOP('',(#2511));
#2511 = ORIENTED_EDGE('',*,*,#2512,.T.);
#2512 = EDGE_CURVE('',#2513,#2513,#2515,.T.);
#2513 = VERTEX_POINT('',#2514);
#2514 = CARTESIAN_POINT('',(162.27,-63.05,0.91));
#2515 = CIRCLE('',#2516,0.45);
#2516 = AXIS2_PLACEMENT_3D('',#2517,#2518,#2519);
#2517 = CARTESIAN_POINT('',(162.27,-62.6,0.91));
#2518 = DIRECTION('',(-0.,0.,-1.));
#2519 = DIRECTION('',(6.315935428979E-14,-1.,-0.));
#2520 = PLANE('',#2521);
#2521 = AXIS2_PLACEMENT_3D('',#2522,#2523,#2524);
#2522 = CARTESIAN_POINT('',(0.,0.,0.91));
#2523 = DIRECTION('',(0.,0.,1.));
#2524 = DIRECTION('',(1.,0.,-0.));
#2525 = ADVANCED_FACE('',(#2526),#2532,.T.);
#2526 = FACE_BOUND('',#2527,.T.);
#2527 = EDGE_LOOP('',(#2528,#2529,#2530,#2531));
#2528 = ORIENTED_EDGE('',*,*,#119,.T.);
#2529 = ORIENTED_EDGE('',*,*,#1337,.T.);
#2530 = ORIENTED_EDGE('',*,*,#79,.F.);
#2531 = ORIENTED_EDGE('',*,*,#143,.F.);
#2532 = PLANE('',#2533);
#2533 = AXIS2_PLACEMENT_3D('',#2534,#2535,#2536);
#2534 = CARTESIAN_POINT('',(95.,-60.,0.));
#2535 = DIRECTION('',(0.,1.,0.));
#2536 = DIRECTION('',(1.,0.,0.));
#2537 = ADVANCED_FACE('',(#2538),#2549,.F.);
#2538 = FACE_BOUND('',#2539,.T.);
#2539 = EDGE_LOOP('',(#2540,#2541,#2547,#2548));
#2540 = ORIENTED_EDGE('',*,*,#152,.T.);
#2541 = ORIENTED_EDGE('',*,*,#2542,.T.);
#2542 = EDGE_CURVE('',#153,#1347,#2543,.T.);
#2543 = LINE('',#2544,#2545);
#2544 = CARTESIAN_POINT('',(97.73,-109.95,-4.6E-02));
#2545 = VECTOR('',#2546,1.);
#2546 = DIRECTION('',(0.,0.,1.));
#2547 = ORIENTED_EDGE('',*,*,#1346,.F.);
#2548 = ORIENTED_EDGE('',*,*,#2542,.F.);
#2549 = CYLINDRICAL_SURFACE('',#2550,0.45);
#2550 = AXIS2_PLACEMENT_3D('',#2551,#2552,#2553);
#2551 = CARTESIAN_POINT('',(97.73,-109.5,-4.6E-02));
#2552 = DIRECTION('',(-0.,-0.,-1.));
#2553 = DIRECTION('',(-0.,-1.,0.));
#2554 = ADVANCED_FACE('',(#2555),#2566,.F.);
#2555 = FACE_BOUND('',#2556,.T.);
#2556 = EDGE_LOOP('',(#2557,#2558,#2564,#2565));
#2557 = ORIENTED_EDGE('',*,*,#163,.T.);
#2558 = ORIENTED_EDGE('',*,*,#2559,.T.);
#2559 = EDGE_CURVE('',#164,#1358,#2560,.T.);
#2560 = LINE('',#2561,#2562);
#2561 = CARTESIAN_POINT('',(100.27,-109.95,-4.6E-02));
#2562 = VECTOR('',#2563,1.);
#2563 = DIRECTION('',(0.,0.,1.));
#2564 = ORIENTED_EDGE('',*,*,#1357,.F.);
#2565 = ORIENTED_EDGE('',*,*,#2559,.F.);
#2566 = CYLINDRICAL_SURFACE('',#2567,0.45);
#2567 = AXIS2_PLACEMENT_3D('',#2568,#2569,#2570);
#2568 = CARTESIAN_POINT('',(100.27,-109.5,-4.6E-02));
#2569 = DIRECTION('',(-0.,-0.,-1.));
#2570 = DIRECTION('',(-0.,-1.,0.));
#2571 = ADVANCED_FACE('',(#2572),#2583,.F.);
#2572 = FACE_BOUND('',#2573,.T.);
#2573 = EDGE_LOOP('',(#2574,#2575,#2581,#2582));
#2574 = ORIENTED_EDGE('',*,*,#174,.T.);
#2575 = ORIENTED_EDGE('',*,*,#2576,.T.);
#2576 = EDGE_CURVE('',#175,#1369,#2577,.T.);
#2577 = LINE('',#2578,#2579);
#2578 = CARTESIAN_POINT('',(103.19,-109.9,-4.6E-02));
#2579 = VECTOR('',#2580,1.);
#2580 = DIRECTION('',(0.,0.,1.));
#2581 = ORIENTED_EDGE('',*,*,#1368,.F.);
#2582 = ORIENTED_EDGE('',*,*,#2576,.F.);
#2583 = CYLINDRICAL_SURFACE('',#2584,0.4);
#2584 = AXIS2_PLACEMENT_3D('',#2585,#2586,#2587);
#2585 = CARTESIAN_POINT('',(103.19,-109.5,-4.6E-02));
#2586 = DIRECTION('',(-0.,-0.,-1.));
#2587 = DIRECTION('',(-0.,-1.,0.));
#2588 = ADVANCED_FACE('',(#2589),#2600,.F.);
#2589 = FACE_BOUND('',#2590,.T.);
#2590 = EDGE_LOOP('',(#2591,#2592,#2598,#2599));
#2591 = ORIENTED_EDGE('',*,*,#185,.T.);
#2592 = ORIENTED_EDGE('',*,*,#2593,.T.);
#2593 = EDGE_CURVE('',#186,#1380,#2594,.T.);
#2594 = LINE('',#2595,#2596);
#2595 = CARTESIAN_POINT('',(110.81,-109.9,-4.6E-02));
#2596 = VECTOR('',#2597,1.);
#2597 = DIRECTION('',(0.,0.,1.));
#2598 = ORIENTED_EDGE('',*,*,#1379,.F.);
#2599 = ORIENTED_EDGE('',*,*,#2593,.F.);
#2600 = CYLINDRICAL_SURFACE('',#2601,0.4);
#2601 = AXIS2_PLACEMENT_3D('',#2602,#2603,#2604);
#2602 = CARTESIAN_POINT('',(110.81,-109.5,-4.6E-02));
#2603 = DIRECTION('',(-0.,-0.,-1.));
#2604 = DIRECTION('',(-0.,-1.,0.));
#2605 = ADVANCED_FACE('',(#2606),#2617,.F.);
#2606 = FACE_BOUND('',#2607,.T.);
#2607 = EDGE_LOOP('',(#2608,#2609,#2615,#2616));
#2608 = ORIENTED_EDGE('',*,*,#196,.T.);
#2609 = ORIENTED_EDGE('',*,*,#2610,.T.);
#2610 = EDGE_CURVE('',#197,#1391,#2611,.T.);
#2611 = LINE('',#2612,#2613);
#2612 = CARTESIAN_POINT('',(98.5,-100.375,-4.6E-02));
#2613 = VECTOR('',#2614,1.);
#2614 = DIRECTION('',(0.,0.,1.));
#2615 = ORIENTED_EDGE('',*,*,#1390,.F.);
#2616 = ORIENTED_EDGE('',*,*,#2610,.F.);
#2617 = CYLINDRICAL_SURFACE('',#2618,0.375);
#2618 = AXIS2_PLACEMENT_3D('',#2619,#2620,#2621);
#2619 = CARTESIAN_POINT('',(98.5,-100.,-4.6E-02));
#2620 = DIRECTION('',(-0.,-0.,-1.));
#2621 = DIRECTION('',(-0.,-1.,0.));
#2622 = ADVANCED_FACE('',(#2623),#2634,.F.);
#2623 = FACE_BOUND('',#2624,.T.);
#2624 = EDGE_LOOP('',(#2625,#2626,#2632,#2633));
#2625 = ORIENTED_EDGE('',*,*,#207,.T.);
#2626 = ORIENTED_EDGE('',*,*,#2627,.T.);
#2627 = EDGE_CURVE('',#208,#1402,#2628,.T.);
#2628 = LINE('',#2629,#2630);
#2629 = CARTESIAN_POINT('',(100.5,-100.375,-4.6E-02));
#2630 = VECTOR('',#2631,1.);
#2631 = DIRECTION('',(0.,0.,1.));
#2632 = ORIENTED_EDGE('',*,*,#1401,.F.);
#2633 = ORIENTED_EDGE('',*,*,#2627,.F.);
#2634 = CYLINDRICAL_SURFACE('',#2635,0.375);
#2635 = AXIS2_PLACEMENT_3D('',#2636,#2637,#2638);
#2636 = CARTESIAN_POINT('',(100.5,-100.,-4.6E-02));
#2637 = DIRECTION('',(-0.,-0.,-1.));
#2638 = DIRECTION('',(-0.,-1.,0.));
#2639 = ADVANCED_FACE('',(#2640),#2651,.F.);
#2640 = FACE_BOUND('',#2641,.T.);
#2641 = EDGE_LOOP('',(#2642,#2643,#2649,#2650));
#2642 = ORIENTED_EDGE('',*,*,#218,.T.);
#2643 = ORIENTED_EDGE('',*,*,#2644,.T.);
#2644 = EDGE_CURVE('',#219,#1413,#2645,.T.);
#2645 = LINE('',#2646,#2647);
#2646 = CARTESIAN_POINT('',(109.75,-103.4,-4.6E-02));
#2647 = VECTOR('',#2648,1.);
#2648 = DIRECTION('',(0.,0.,1.));
#2649 = ORIENTED_EDGE('',*,*,#1412,.F.);
#2650 = ORIENTED_EDGE('',*,*,#2644,.F.);
#2651 = CYLINDRICAL_SURFACE('',#2652,0.4);
#2652 = AXIS2_PLACEMENT_3D('',#2653,#2654,#2655);
#2653 = CARTESIAN_POINT('',(109.75,-103.,-4.6E-02));
#2654 = DIRECTION('',(-0.,-0.,-1.));
#2655 = DIRECTION('',(-0.,-1.,0.));
#2656 = ADVANCED_FACE('',(#2657),#2668,.F.);
#2657 = FACE_BOUND('',#2658,.T.);
#2658 = EDGE_LOOP('',(#2659,#2660,#2666,#2667));
#2659 = ORIENTED_EDGE('',*,*,#229,.T.);
#2660 = ORIENTED_EDGE('',*,*,#2661,.T.);
#2661 = EDGE_CURVE('',#230,#1424,#2662,.T.);
#2662 = LINE('',#2663,#2664);
#2663 = CARTESIAN_POINT('',(112.25,-103.4,-4.6E-02));
#2664 = VECTOR('',#2665,1.);
#2665 = DIRECTION('',(0.,0.,1.));
#2666 = ORIENTED_EDGE('',*,*,#1423,.F.);
#2667 = ORIENTED_EDGE('',*,*,#2661,.F.);
#2668 = CYLINDRICAL_SURFACE('',#2669,0.4);
#2669 = AXIS2_PLACEMENT_3D('',#2670,#2671,#2672);
#2670 = CARTESIAN_POINT('',(112.25,-103.,-4.6E-02));
#2671 = DIRECTION('',(-0.,-0.,-1.));
#2672 = DIRECTION('',(-0.,-1.,0.));
#2673 = ADVANCED_FACE('',(#2674),#2685,.F.);
#2674 = FACE_BOUND('',#2675,.T.);
#2675 = EDGE_LOOP('',(#2676,#2677,#2683,#2684));
#2676 = ORIENTED_EDGE('',*,*,#240,.T.);
#2677 = ORIENTED_EDGE('',*,*,#2678,.T.);
#2678 = EDGE_CURVE('',#241,#1435,#2679,.T.);
#2679 = LINE('',#2680,#2681);
#2680 = CARTESIAN_POINT('',(126.19,-103.5,-4.6E-02));
#2681 = VECTOR('',#2682,1.);
#2682 = DIRECTION('',(0.,0.,1.));
#2683 = ORIENTED_EDGE('',*,*,#1434,.F.);
#2684 = ORIENTED_EDGE('',*,*,#2678,.F.);
#2685 = CYLINDRICAL_SURFACE('',#2686,0.5);
#2686 = AXIS2_PLACEMENT_3D('',#2687,#2688,#2689);
#2687 = CARTESIAN_POINT('',(126.19,-103.,-4.6E-02));
#2688 = DIRECTION('',(-0.,-0.,-1.));
#2689 = DIRECTION('',(-0.,-1.,0.));
#2690 = ADVANCED_FACE('',(#2691),#2702,.F.);
#2691 = FACE_BOUND('',#2692,.T.);
#2692 = EDGE_LOOP('',(#2693,#2694,#2700,#2701));
#2693 = ORIENTED_EDGE('',*,*,#251,.T.);
#2694 = ORIENTED_EDGE('',*,*,#2695,.T.);
#2695 = EDGE_CURVE('',#252,#1446,#2696,.T.);
#2696 = LINE('',#2697,#2698);
#2697 = CARTESIAN_POINT('',(128.73,-103.5,-4.6E-02));
#2698 = VECTOR('',#2699,1.);
#2699 = DIRECTION('',(0.,0.,1.));
#2700 = ORIENTED_EDGE('',*,*,#1445,.F.);
#2701 = ORIENTED_EDGE('',*,*,#2695,.F.);
#2702 = CYLINDRICAL_SURFACE('',#2703,0.5);
#2703 = AXIS2_PLACEMENT_3D('',#2704,#2705,#2706);
#2704 = CARTESIAN_POINT('',(128.73,-103.,-4.6E-02));
#2705 = DIRECTION('',(-0.,-0.,-1.));
#2706 = DIRECTION('',(-0.,-1.,0.));
#2707 = ADVANCED_FACE('',(#2708),#2719,.F.);
#2708 = FACE_BOUND('',#2709,.T.);
#2709 = EDGE_LOOP('',(#2710,#2711,#2717,#2718));
#2710 = ORIENTED_EDGE('',*,*,#262,.T.);
#2711 = ORIENTED_EDGE('',*,*,#2712,.T.);
#2712 = EDGE_CURVE('',#263,#1457,#2713,.T.);
#2713 = LINE('',#2714,#2715);
#2714 = CARTESIAN_POINT('',(107.14,-98.1,-4.6E-02));
#2715 = VECTOR('',#2716,1.);
#2716 = DIRECTION('',(0.,0.,1.));
#2717 = ORIENTED_EDGE('',*,*,#1456,.F.);
#2718 = ORIENTED_EDGE('',*,*,#2712,.F.);
#2719 = CYLINDRICAL_SURFACE('',#2720,0.4);
#2720 = AXIS2_PLACEMENT_3D('',#2721,#2722,#2723);
#2721 = CARTESIAN_POINT('',(107.14,-97.7,-4.6E-02));
#2722 = DIRECTION('',(-0.,-0.,-1.));
#2723 = DIRECTION('',(-0.,-1.,0.));
#2724 = ADVANCED_FACE('',(#2725),#2736,.F.);
#2725 = FACE_BOUND('',#2726,.T.);
#2726 = EDGE_LOOP('',(#2727,#2728,#2734,#2735));
#2727 = ORIENTED_EDGE('',*,*,#273,.T.);
#2728 = ORIENTED_EDGE('',*,*,#2729,.T.);
#2729 = EDGE_CURVE('',#274,#1468,#2730,.T.);
#2730 = LINE('',#2731,#2732);
#2731 = CARTESIAN_POINT('',(109.68,-98.1,-4.6E-02));
#2732 = VECTOR('',#2733,1.);
#2733 = DIRECTION('',(0.,0.,1.));
#2734 = ORIENTED_EDGE('',*,*,#1467,.F.);
#2735 = ORIENTED_EDGE('',*,*,#2729,.F.);
#2736 = CYLINDRICAL_SURFACE('',#2737,0.4);
#2737 = AXIS2_PLACEMENT_3D('',#2738,#2739,#2740);
#2738 = CARTESIAN_POINT('',(109.68,-97.7,-4.6E-02));
#2739 = DIRECTION('',(-0.,-0.,-1.));
#2740 = DIRECTION('',(-0.,-1.,0.));
#2741 = ADVANCED_FACE('',(#2742),#2753,.F.);
#2742 = FACE_BOUND('',#2743,.T.);
#2743 = EDGE_LOOP('',(#2744,#2745,#2751,#2752));
#2744 = ORIENTED_EDGE('',*,*,#284,.T.);
#2745 = ORIENTED_EDGE('',*,*,#2746,.T.);
#2746 = EDGE_CURVE('',#285,#1479,#2747,.T.);
#2747 = LINE('',#2748,#2749);
#2748 = CARTESIAN_POINT('',(112.22,-98.1,-4.6E-02));
#2749 = VECTOR('',#2750,1.);
#2750 = DIRECTION('',(0.,0.,1.));
#2751 = ORIENTED_EDGE('',*,*,#1478,.F.);
#2752 = ORIENTED_EDGE('',*,*,#2746,.F.);
#2753 = CYLINDRICAL_SURFACE('',#2754,0.4);
#2754 = AXIS2_PLACEMENT_3D('',#2755,#2756,#2757);
#2755 = CARTESIAN_POINT('',(112.22,-97.7,-4.6E-02));
#2756 = DIRECTION('',(-0.,-0.,-1.));
#2757 = DIRECTION('',(-0.,-1.,0.));
#2758 = ADVANCED_FACE('',(#2759),#2770,.F.);
#2759 = FACE_BOUND('',#2760,.T.);
#2760 = EDGE_LOOP('',(#2761,#2762,#2768,#2769));
#2761 = ORIENTED_EDGE('',*,*,#295,.T.);
#2762 = ORIENTED_EDGE('',*,*,#2763,.T.);
#2763 = EDGE_CURVE('',#296,#1490,#2764,.T.);
#2764 = LINE('',#2765,#2766);
#2765 = CARTESIAN_POINT('',(98.5,-91.85,-4.6E-02));
#2766 = VECTOR('',#2767,1.);
#2767 = DIRECTION('',(0.,0.,1.));
#2768 = ORIENTED_EDGE('',*,*,#1489,.F.);
#2769 = ORIENTED_EDGE('',*,*,#2763,.F.);
#2770 = CYLINDRICAL_SURFACE('',#2771,0.5);
#2771 = AXIS2_PLACEMENT_3D('',#2772,#2773,#2774);
#2772 = CARTESIAN_POINT('',(98.5,-91.35,-4.6E-02));
#2773 = DIRECTION('',(-0.,-0.,-1.));
#2774 = DIRECTION('',(-0.,-1.,0.));
#2775 = ADVANCED_FACE('',(#2776),#2787,.F.);
#2776 = FACE_BOUND('',#2777,.T.);
#2777 = EDGE_LOOP('',(#2778,#2779,#2785,#2786));
#2778 = ORIENTED_EDGE('',*,*,#306,.T.);
#2779 = ORIENTED_EDGE('',*,*,#2780,.T.);
#2780 = EDGE_CURVE('',#307,#1501,#2781,.T.);
#2781 = LINE('',#2782,#2783);
#2782 = CARTESIAN_POINT('',(98.5,-89.31,-4.6E-02));
#2783 = VECTOR('',#2784,1.);
#2784 = DIRECTION('',(0.,0.,1.));
#2785 = ORIENTED_EDGE('',*,*,#1500,.F.);
#2786 = ORIENTED_EDGE('',*,*,#2780,.F.);
#2787 = CYLINDRICAL_SURFACE('',#2788,0.5);
#2788 = AXIS2_PLACEMENT_3D('',#2789,#2790,#2791);
#2789 = CARTESIAN_POINT('',(98.5,-88.81,-4.6E-02));
#2790 = DIRECTION('',(-0.,-0.,-1.));
#2791 = DIRECTION('',(-0.,-1.,0.));
#2792 = ADVANCED_FACE('',(#2793),#2804,.F.);
#2793 = FACE_BOUND('',#2794,.T.);
#2794 = EDGE_LOOP('',(#2795,#2796,#2802,#2803));
#2795 = ORIENTED_EDGE('',*,*,#317,.T.);
#2796 = ORIENTED_EDGE('',*,*,#2797,.T.);
#2797 = EDGE_CURVE('',#318,#1512,#2798,.T.);
#2798 = LINE('',#2799,#2800);
#2799 = CARTESIAN_POINT('',(98.5,-86.77,-4.6E-02));
#2800 = VECTOR('',#2801,1.);
#2801 = DIRECTION('',(0.,0.,1.));
#2802 = ORIENTED_EDGE('',*,*,#1511,.F.);
#2803 = ORIENTED_EDGE('',*,*,#2797,.F.);
#2804 = CYLINDRICAL_SURFACE('',#2805,0.5);
#2805 = AXIS2_PLACEMENT_3D('',#2806,#2807,#2808);
#2806 = CARTESIAN_POINT('',(98.5,-86.27,-4.6E-02));
#2807 = DIRECTION('',(-0.,-0.,-1.));
#2808 = DIRECTION('',(-0.,-1.,0.));
#2809 = ADVANCED_FACE('',(#2810),#2821,.F.);
#2810 = FACE_BOUND('',#2811,.T.);
#2811 = EDGE_LOOP('',(#2812,#2813,#2819,#2820));
#2812 = ORIENTED_EDGE('',*,*,#328,.T.);
#2813 = ORIENTED_EDGE('',*,*,#2814,.T.);
#2814 = EDGE_CURVE('',#329,#1523,#2815,.T.);
#2815 = LINE('',#2816,#2817);
#2816 = CARTESIAN_POINT('',(114.76,-98.1,-4.6E-02));
#2817 = VECTOR('',#2818,1.);
#2818 = DIRECTION('',(0.,0.,1.));
#2819 = ORIENTED_EDGE('',*,*,#1522,.F.);
#2820 = ORIENTED_EDGE('',*,*,#2814,.F.);
#2821 = CYLINDRICAL_SURFACE('',#2822,0.4);
#2822 = AXIS2_PLACEMENT_3D('',#2823,#2824,#2825);
#2823 = CARTESIAN_POINT('',(114.76,-97.7,-4.6E-02));
#2824 = DIRECTION('',(-0.,0.,-1.));
#2825 = DIRECTION('',(3.5527136788E-14,-1.,-0.));
#2826 = ADVANCED_FACE('',(#2827),#2838,.F.);
#2827 = FACE_BOUND('',#2828,.T.);
#2828 = EDGE_LOOP('',(#2829,#2830,#2836,#2837));
#2829 = ORIENTED_EDGE('',*,*,#339,.T.);
#2830 = ORIENTED_EDGE('',*,*,#2831,.T.);
#2831 = EDGE_CURVE('',#340,#1534,#2832,.T.);
#2832 = LINE('',#2833,#2834);
#2833 = CARTESIAN_POINT('',(117.3,-98.1,-4.6E-02));
#2834 = VECTOR('',#2835,1.);
#2835 = DIRECTION('',(0.,0.,1.));
#2836 = ORIENTED_EDGE('',*,*,#1533,.F.);
#2837 = ORIENTED_EDGE('',*,*,#2831,.F.);
#2838 = CYLINDRICAL_SURFACE('',#2839,0.4);
#2839 = AXIS2_PLACEMENT_3D('',#2840,#2841,#2842);
#2840 = CARTESIAN_POINT('',(117.3,-97.7,-4.6E-02));
#2841 = DIRECTION('',(-0.,-0.,-1.));
#2842 = DIRECTION('',(-3.552713678801E-14,-1.,0.));
#2843 = ADVANCED_FACE('',(#2844),#2855,.F.);
#2844 = FACE_BOUND('',#2845,.T.);
#2845 = EDGE_LOOP('',(#2846,#2847,#2853,#2854));
#2846 = ORIENTED_EDGE('',*,*,#350,.T.);
#2847 = ORIENTED_EDGE('',*,*,#2848,.T.);
#2848 = EDGE_CURVE('',#351,#1545,#2849,.T.);
#2849 = LINE('',#2850,#2851);
#2850 = CARTESIAN_POINT('',(119.84,-98.1,-4.6E-02));
#2851 = VECTOR('',#2852,1.);
#2852 = DIRECTION('',(0.,0.,1.));
#2853 = ORIENTED_EDGE('',*,*,#1544,.F.);
#2854 = ORIENTED_EDGE('',*,*,#2848,.F.);
#2855 = CYLINDRICAL_SURFACE('',#2856,0.4);
#2856 = AXIS2_PLACEMENT_3D('',#2857,#2858,#2859);
#2857 = CARTESIAN_POINT('',(119.84,-97.7,-4.6E-02));
#2858 = DIRECTION('',(-0.,-0.,-1.));
#2859 = DIRECTION('',(-0.,-1.,0.));
#2860 = ADVANCED_FACE('',(#2861),#2872,.F.);
#2861 = FACE_BOUND('',#2862,.T.);
#2862 = EDGE_LOOP('',(#2863,#2864,#2870,#2871));
#2863 = ORIENTED_EDGE('',*,*,#361,.T.);
#2864 = ORIENTED_EDGE('',*,*,#2865,.T.);
#2865 = EDGE_CURVE('',#362,#1556,#2866,.T.);
#2866 = LINE('',#2867,#2868);
#2867 = CARTESIAN_POINT('',(122.38,-98.1,-4.6E-02));
#2868 = VECTOR('',#2869,1.);
#2869 = DIRECTION('',(0.,0.,1.));
#2870 = ORIENTED_EDGE('',*,*,#1555,.F.);
#2871 = ORIENTED_EDGE('',*,*,#2865,.F.);
#2872 = CYLINDRICAL_SURFACE('',#2873,0.4);
#2873 = AXIS2_PLACEMENT_3D('',#2874,#2875,#2876);
#2874 = CARTESIAN_POINT('',(122.38,-97.7,-4.6E-02));
#2875 = DIRECTION('',(-0.,-0.,-1.));
#2876 = DIRECTION('',(-0.,-1.,0.));
#2877 = ADVANCED_FACE('',(#2878),#2889,.F.);
#2878 = FACE_BOUND('',#2879,.T.);
#2879 = EDGE_LOOP('',(#2880,#2881,#2887,#2888));
#2880 = ORIENTED_EDGE('',*,*,#372,.T.);
#2881 = ORIENTED_EDGE('',*,*,#2882,.T.);
#2882 = EDGE_CURVE('',#373,#1567,#2883,.T.);
#2883 = LINE('',#2884,#2885);
#2884 = CARTESIAN_POINT('',(124.92,-98.1,-4.6E-02));
#2885 = VECTOR('',#2886,1.);
#2886 = DIRECTION('',(0.,0.,1.));
#2887 = ORIENTED_EDGE('',*,*,#1566,.F.);
#2888 = ORIENTED_EDGE('',*,*,#2882,.F.);
#2889 = CYLINDRICAL_SURFACE('',#2890,0.4);
#2890 = AXIS2_PLACEMENT_3D('',#2891,#2892,#2893);
#2891 = CARTESIAN_POINT('',(124.92,-97.7,-4.6E-02));
#2892 = DIRECTION('',(-0.,0.,-1.));
#2893 = DIRECTION('',(3.5527136788E-14,-1.,-0.));
#2894 = ADVANCED_FACE('',(#2895),#2906,.F.);
#2895 = FACE_BOUND('',#2896,.T.);
#2896 = EDGE_LOOP('',(#2897,#2898,#2904,#2905));
#2897 = ORIENTED_EDGE('',*,*,#383,.T.);
#2898 = ORIENTED_EDGE('',*,*,#2899,.T.);
#2899 = EDGE_CURVE('',#384,#1578,#2900,.T.);
#2900 = LINE('',#2901,#2902);
#2901 = CARTESIAN_POINT('',(127.46,-98.1,-4.6E-02));
#2902 = VECTOR('',#2903,1.);
#2903 = DIRECTION('',(0.,0.,1.));
#2904 = ORIENTED_EDGE('',*,*,#1577,.F.);
#2905 = ORIENTED_EDGE('',*,*,#2899,.F.);
#2906 = CYLINDRICAL_SURFACE('',#2907,0.4);
#2907 = AXIS2_PLACEMENT_3D('',#2908,#2909,#2910);
#2908 = CARTESIAN_POINT('',(127.46,-97.7,-4.6E-02));
#2909 = DIRECTION('',(-0.,-0.,-1.));
#2910 = DIRECTION('',(-3.552713678801E-14,-1.,0.));
#2911 = ADVANCED_FACE('',(#2912),#2923,.F.);
#2912 = FACE_BOUND('',#2913,.T.);
#2913 = EDGE_LOOP('',(#2914,#2915,#2921,#2922));
#2914 = ORIENTED_EDGE('',*,*,#394,.T.);
#2915 = ORIENTED_EDGE('',*,*,#2916,.T.);
#2916 = EDGE_CURVE('',#395,#1589,#2917,.T.);
#2917 = LINE('',#2918,#2919);
#2918 = CARTESIAN_POINT('',(130.,-98.1,-4.6E-02));
#2919 = VECTOR('',#2920,1.);
#2920 = DIRECTION('',(0.,0.,1.));
#2921 = ORIENTED_EDGE('',*,*,#1588,.F.);
#2922 = ORIENTED_EDGE('',*,*,#2916,.F.);
#2923 = CYLINDRICAL_SURFACE('',#2924,0.4);
#2924 = AXIS2_PLACEMENT_3D('',#2925,#2926,#2927);
#2925 = CARTESIAN_POINT('',(130.,-97.7,-4.6E-02));
#2926 = DIRECTION('',(-0.,-0.,-1.));
#2927 = DIRECTION('',(-0.,-1.,0.));
#2928 = ADVANCED_FACE('',(#2929),#2940,.F.);
#2929 = FACE_BOUND('',#2930,.T.);
#2930 = EDGE_LOOP('',(#2931,#2932,#2938,#2939));
#2931 = ORIENTED_EDGE('',*,*,#405,.T.);
#2932 = ORIENTED_EDGE('',*,*,#2933,.T.);
#2933 = EDGE_CURVE('',#406,#1600,#2934,.T.);
#2934 = LINE('',#2935,#2936);
#2935 = CARTESIAN_POINT('',(137.9,-109.75,-4.6E-02));
#2936 = VECTOR('',#2937,1.);
#2937 = DIRECTION('',(0.,0.,1.));
#2938 = ORIENTED_EDGE('',*,*,#1599,.F.);
#2939 = ORIENTED_EDGE('',*,*,#2933,.F.);
#2940 = CYLINDRICAL_SURFACE('',#2941,0.75);
#2941 = AXIS2_PLACEMENT_3D('',#2942,#2943,#2944);
#2942 = CARTESIAN_POINT('',(137.9,-109.,-4.6E-02));
#2943 = DIRECTION('',(-0.,-0.,-1.));
#2944 = DIRECTION('',(-0.,-1.,0.));
#2945 = ADVANCED_FACE('',(#2946),#2957,.F.);
#2946 = FACE_BOUND('',#2947,.T.);
#2947 = EDGE_LOOP('',(#2948,#2949,#2955,#2956));
#2948 = ORIENTED_EDGE('',*,*,#416,.T.);
#2949 = ORIENTED_EDGE('',*,*,#2950,.T.);
#2950 = EDGE_CURVE('',#417,#1611,#2951,.T.);
#2951 = LINE('',#2952,#2953);
#2952 = CARTESIAN_POINT('',(140.,-109.4,-4.6E-02));
#2953 = VECTOR('',#2954,1.);
#2954 = DIRECTION('',(0.,0.,1.));
#2955 = ORIENTED_EDGE('',*,*,#1610,.F.);
#2956 = ORIENTED_EDGE('',*,*,#2950,.F.);
#2957 = CYLINDRICAL_SURFACE('',#2958,0.4);
#2958 = AXIS2_PLACEMENT_3D('',#2959,#2960,#2961);
#2959 = CARTESIAN_POINT('',(140.,-109.,-4.6E-02));
#2960 = DIRECTION('',(-0.,-0.,-1.));
#2961 = DIRECTION('',(-0.,-1.,0.));
#2962 = ADVANCED_FACE('',(#2963),#2974,.F.);
#2963 = FACE_BOUND('',#2964,.T.);
#2964 = EDGE_LOOP('',(#2965,#2966,#2972,#2973));
#2965 = ORIENTED_EDGE('',*,*,#427,.T.);
#2966 = ORIENTED_EDGE('',*,*,#2967,.T.);
#2967 = EDGE_CURVE('',#428,#1622,#2968,.T.);
#2968 = LINE('',#2969,#2970);
#2969 = CARTESIAN_POINT('',(142.,-109.4,-4.6E-02));
#2970 = VECTOR('',#2971,1.);
#2971 = DIRECTION('',(0.,0.,1.));
#2972 = ORIENTED_EDGE('',*,*,#1621,.F.);
#2973 = ORIENTED_EDGE('',*,*,#2967,.F.);
#2974 = CYLINDRICAL_SURFACE('',#2975,0.4);
#2975 = AXIS2_PLACEMENT_3D('',#2976,#2977,#2978);
#2976 = CARTESIAN_POINT('',(142.,-109.,-4.6E-02));
#2977 = DIRECTION('',(-0.,-0.,-1.));
#2978 = DIRECTION('',(-0.,-1.,0.));
#2979 = ADVANCED_FACE('',(#2980),#2991,.F.);
#2980 = FACE_BOUND('',#2981,.T.);
#2981 = EDGE_LOOP('',(#2982,#2983,#2989,#2990));
#2982 = ORIENTED_EDGE('',*,*,#438,.T.);
#2983 = ORIENTED_EDGE('',*,*,#2984,.T.);
#2984 = EDGE_CURVE('',#439,#1633,#2985,.T.);
#2985 = LINE('',#2986,#2987);
#2986 = CARTESIAN_POINT('',(144.,-109.4,-4.6E-02));
#2987 = VECTOR('',#2988,1.);
#2988 = DIRECTION('',(0.,0.,1.));
#2989 = ORIENTED_EDGE('',*,*,#1632,.F.);
#2990 = ORIENTED_EDGE('',*,*,#2984,.F.);
#2991 = CYLINDRICAL_SURFACE('',#2992,0.4);
#2992 = AXIS2_PLACEMENT_3D('',#2993,#2994,#2995);
#2993 = CARTESIAN_POINT('',(144.,-109.,-4.6E-02));
#2994 = DIRECTION('',(-0.,-0.,-1.));
#2995 = DIRECTION('',(-0.,-1.,0.));
#2996 = ADVANCED_FACE('',(#2997),#3008,.F.);
#2997 = FACE_BOUND('',#2998,.T.);
#2998 = EDGE_LOOP('',(#2999,#3000,#3006,#3007));
#2999 = ORIENTED_EDGE('',*,*,#449,.T.);
#3000 = ORIENTED_EDGE('',*,*,#3001,.T.);
#3001 = EDGE_CURVE('',#450,#1644,#3002,.T.);
#3002 = LINE('',#3003,#3004);
#3003 = CARTESIAN_POINT('',(146.1,-109.75,-4.6E-02));
#3004 = VECTOR('',#3005,1.);
#3005 = DIRECTION('',(0.,0.,1.));
#3006 = ORIENTED_EDGE('',*,*,#1643,.F.);
#3007 = ORIENTED_EDGE('',*,*,#3001,.F.);
#3008 = CYLINDRICAL_SURFACE('',#3009,0.75);
#3009 = AXIS2_PLACEMENT_3D('',#3010,#3011,#3012);
#3010 = CARTESIAN_POINT('',(146.1,-109.,-4.6E-02));
#3011 = DIRECTION('',(-0.,-0.,-1.));
#3012 = DIRECTION('',(-0.,-1.,0.));
#3013 = ADVANCED_FACE('',(#3014),#3025,.F.);
#3014 = FACE_BOUND('',#3015,.T.);
#3015 = EDGE_LOOP('',(#3016,#3017,#3023,#3024));
#3016 = ORIENTED_EDGE('',*,*,#460,.T.);
#3017 = ORIENTED_EDGE('',*,*,#3018,.T.);
#3018 = EDGE_CURVE('',#461,#1655,#3019,.T.);
#3019 = LINE('',#3020,#3021);
#3020 = CARTESIAN_POINT('',(131.27,-103.5,-4.6E-02));
#3021 = VECTOR('',#3022,1.);
#3022 = DIRECTION('',(0.,0.,1.));
#3023 = ORIENTED_EDGE('',*,*,#1654,.F.);
#3024 = ORIENTED_EDGE('',*,*,#3018,.F.);
#3025 = CYLINDRICAL_SURFACE('',#3026,0.5);
#3026 = AXIS2_PLACEMENT_3D('',#3027,#3028,#3029);
#3027 = CARTESIAN_POINT('',(131.27,-103.,-4.6E-02));
#3028 = DIRECTION('',(-0.,-0.,-1.));
#3029 = DIRECTION('',(-0.,-1.,0.));
#3030 = ADVANCED_FACE('',(#3031),#3042,.F.);
#3031 = FACE_BOUND('',#3032,.T.);
#3032 = EDGE_LOOP('',(#3033,#3034,#3040,#3041));
#3033 = ORIENTED_EDGE('',*,*,#471,.T.);
#3034 = ORIENTED_EDGE('',*,*,#3035,.T.);
#3035 = EDGE_CURVE('',#472,#1666,#3036,.T.);
#3036 = LINE('',#3037,#3038);
#3037 = CARTESIAN_POINT('',(133.81,-103.5,-4.6E-02));
#3038 = VECTOR('',#3039,1.);
#3039 = DIRECTION('',(0.,0.,1.));
#3040 = ORIENTED_EDGE('',*,*,#1665,.F.);
#3041 = ORIENTED_EDGE('',*,*,#3035,.F.);
#3042 = CYLINDRICAL_SURFACE('',#3043,0.5);
#3043 = AXIS2_PLACEMENT_3D('',#3044,#3045,#3046);
#3044 = CARTESIAN_POINT('',(133.81,-103.,-4.6E-02));
#3045 = DIRECTION('',(-0.,-0.,-1.));
#3046 = DIRECTION('',(-0.,-1.,0.));
#3047 = ADVANCED_FACE('',(#3048),#3059,.F.);
#3048 = FACE_BOUND('',#3049,.T.);
#3049 = EDGE_LOOP('',(#3050,#3051,#3057,#3058));
#3050 = ORIENTED_EDGE('',*,*,#482,.T.);
#3051 = ORIENTED_EDGE('',*,*,#3052,.T.);
#3052 = EDGE_CURVE('',#483,#1677,#3053,.T.);
#3053 = LINE('',#3054,#3055);
#3054 = CARTESIAN_POINT('',(149.19,-109.9,-4.6E-02));
#3055 = VECTOR('',#3056,1.);
#3056 = DIRECTION('',(0.,0.,1.));
#3057 = ORIENTED_EDGE('',*,*,#1676,.F.);
#3058 = ORIENTED_EDGE('',*,*,#3052,.F.);
#3059 = CYLINDRICAL_SURFACE('',#3060,0.4);
#3060 = AXIS2_PLACEMENT_3D('',#3061,#3062,#3063);
#3061 = CARTESIAN_POINT('',(149.19,-109.5,-4.6E-02));
#3062 = DIRECTION('',(-0.,-0.,-1.));
#3063 = DIRECTION('',(-0.,-1.,0.));
#3064 = ADVANCED_FACE('',(#3065),#3076,.F.);
#3065 = FACE_BOUND('',#3066,.T.);
#3066 = EDGE_LOOP('',(#3067,#3068,#3074,#3075));
#3067 = ORIENTED_EDGE('',*,*,#493,.T.);
#3068 = ORIENTED_EDGE('',*,*,#3069,.T.);
#3069 = EDGE_CURVE('',#494,#1688,#3070,.T.);
#3070 = LINE('',#3071,#3072);
#3071 = CARTESIAN_POINT('',(156.81,-109.9,-4.6E-02));
#3072 = VECTOR('',#3073,1.);
#3073 = DIRECTION('',(0.,0.,1.));
#3074 = ORIENTED_EDGE('',*,*,#1687,.F.);
#3075 = ORIENTED_EDGE('',*,*,#3069,.F.);
#3076 = CYLINDRICAL_SURFACE('',#3077,0.4);
#3077 = AXIS2_PLACEMENT_3D('',#3078,#3079,#3080);
#3078 = CARTESIAN_POINT('',(156.81,-109.5,-4.6E-02));
#3079 = DIRECTION('',(-0.,-0.,-1.));
#3080 = DIRECTION('',(-0.,-1.,0.));
#3081 = ADVANCED_FACE('',(#3082),#3093,.F.);
#3082 = FACE_BOUND('',#3083,.T.);
#3083 = EDGE_LOOP('',(#3084,#3085,#3091,#3092));
#3084 = ORIENTED_EDGE('',*,*,#504,.T.);
#3085 = ORIENTED_EDGE('',*,*,#3086,.T.);
#3086 = EDGE_CURVE('',#505,#1699,#3087,.T.);
#3087 = LINE('',#3088,#3089);
#3088 = CARTESIAN_POINT('',(159.73,-109.95,-4.6E-02));
#3089 = VECTOR('',#3090,1.);
#3090 = DIRECTION('',(0.,0.,1.));
#3091 = ORIENTED_EDGE('',*,*,#1698,.F.);
#3092 = ORIENTED_EDGE('',*,*,#3086,.F.);
#3093 = CYLINDRICAL_SURFACE('',#3094,0.45);
#3094 = AXIS2_PLACEMENT_3D('',#3095,#3096,#3097);
#3095 = CARTESIAN_POINT('',(159.73,-109.5,-4.6E-02));
#3096 = DIRECTION('',(-0.,-0.,-1.));
#3097 = DIRECTION('',(-6.315935428979E-14,-1.,0.));
#3098 = ADVANCED_FACE('',(#3099),#3110,.F.);
#3099 = FACE_BOUND('',#3100,.T.);
#3100 = EDGE_LOOP('',(#3101,#3102,#3108,#3109));
#3101 = ORIENTED_EDGE('',*,*,#515,.T.);
#3102 = ORIENTED_EDGE('',*,*,#3103,.T.);
#3103 = EDGE_CURVE('',#516,#1710,#3104,.T.);
#3104 = LINE('',#3105,#3106);
#3105 = CARTESIAN_POINT('',(162.27,-109.95,-4.6E-02));
#3106 = VECTOR('',#3107,1.);
#3107 = DIRECTION('',(0.,0.,1.));
#3108 = ORIENTED_EDGE('',*,*,#1709,.F.);
#3109 = ORIENTED_EDGE('',*,*,#3103,.F.);
#3110 = CYLINDRICAL_SURFACE('',#3111,0.45);
#3111 = AXIS2_PLACEMENT_3D('',#3112,#3113,#3114);
#3112 = CARTESIAN_POINT('',(162.27,-109.5,-4.6E-02));
#3113 = DIRECTION('',(-0.,0.,-1.));
#3114 = DIRECTION('',(6.315935428978E-14,-1.,-0.));
#3115 = ADVANCED_FACE('',(#3116),#3127,.F.);
#3116 = FACE_BOUND('',#3117,.T.);
#3117 = EDGE_LOOP('',(#3118,#3119,#3125,#3126));
#3118 = ORIENTED_EDGE('',*,*,#526,.T.);
#3119 = ORIENTED_EDGE('',*,*,#3120,.T.);
#3120 = EDGE_CURVE('',#527,#1721,#3121,.T.);
#3121 = LINE('',#3122,#3123);
#3122 = CARTESIAN_POINT('',(161.5,-105.12,-4.6E-02));
#3123 = VECTOR('',#3124,1.);
#3124 = DIRECTION('',(0.,0.,1.));
#3125 = ORIENTED_EDGE('',*,*,#1720,.F.);
#3126 = ORIENTED_EDGE('',*,*,#3120,.F.);
#3127 = CYLINDRICAL_SURFACE('',#3128,0.5);
#3128 = AXIS2_PLACEMENT_3D('',#3129,#3130,#3131);
#3129 = CARTESIAN_POINT('',(161.5,-104.62,-4.6E-02));
#3130 = DIRECTION('',(-0.,-0.,-1.));
#3131 = DIRECTION('',(-0.,-1.,0.));
#3132 = ADVANCED_FACE('',(#3133),#3144,.F.);
#3133 = FACE_BOUND('',#3134,.T.);
#3134 = EDGE_LOOP('',(#3135,#3136,#3142,#3143));
#3135 = ORIENTED_EDGE('',*,*,#537,.T.);
#3136 = ORIENTED_EDGE('',*,*,#3137,.T.);
#3137 = EDGE_CURVE('',#538,#1732,#3138,.T.);
#3138 = LINE('',#3139,#3140);
#3139 = CARTESIAN_POINT('',(161.5,-102.58,-4.6E-02));
#3140 = VECTOR('',#3141,1.);
#3141 = DIRECTION('',(0.,0.,1.));
#3142 = ORIENTED_EDGE('',*,*,#1731,.F.);
#3143 = ORIENTED_EDGE('',*,*,#3137,.F.);
#3144 = CYLINDRICAL_SURFACE('',#3145,0.5);
#3145 = AXIS2_PLACEMENT_3D('',#3146,#3147,#3148);
#3146 = CARTESIAN_POINT('',(161.5,-102.08,-4.6E-02));
#3147 = DIRECTION('',(-0.,-0.,-1.));
#3148 = DIRECTION('',(-0.,-1.,0.));
#3149 = ADVANCED_FACE('',(#3150),#3161,.F.);
#3150 = FACE_BOUND('',#3151,.T.);
#3151 = EDGE_LOOP('',(#3152,#3153,#3159,#3160));
#3152 = ORIENTED_EDGE('',*,*,#548,.T.);
#3153 = ORIENTED_EDGE('',*,*,#3154,.T.);
#3154 = EDGE_CURVE('',#549,#1743,#3155,.T.);
#3155 = LINE('',#3156,#3157);
#3156 = CARTESIAN_POINT('',(161.5,-100.04,-4.6E-02));
#3157 = VECTOR('',#3158,1.);
#3158 = DIRECTION('',(0.,0.,1.));
#3159 = ORIENTED_EDGE('',*,*,#1742,.F.);
#3160 = ORIENTED_EDGE('',*,*,#3154,.F.);
#3161 = CYLINDRICAL_SURFACE('',#3162,0.5);
#3162 = AXIS2_PLACEMENT_3D('',#3163,#3164,#3165);
#3163 = CARTESIAN_POINT('',(161.5,-99.54,-4.6E-02));
#3164 = DIRECTION('',(-0.,-0.,-1.));
#3165 = DIRECTION('',(-0.,-1.,0.));
#3166 = ADVANCED_FACE('',(#3167),#3178,.F.);
#3167 = FACE_BOUND('',#3168,.T.);
#3168 = EDGE_LOOP('',(#3169,#3170,#3176,#3177));
#3169 = ORIENTED_EDGE('',*,*,#559,.T.);
#3170 = ORIENTED_EDGE('',*,*,#3171,.T.);
#3171 = EDGE_CURVE('',#560,#1754,#3172,.T.);
#3172 = LINE('',#3173,#3174);
#3173 = CARTESIAN_POINT('',(132.54,-98.1,-4.6E-02));
#3174 = VECTOR('',#3175,1.);
#3175 = DIRECTION('',(0.,0.,1.));
#3176 = ORIENTED_EDGE('',*,*,#1753,.F.);
#3177 = ORIENTED_EDGE('',*,*,#3171,.F.);
#3178 = CYLINDRICAL_SURFACE('',#3179,0.4);
#3179 = AXIS2_PLACEMENT_3D('',#3180,#3181,#3182);
#3180 = CARTESIAN_POINT('',(132.54,-97.7,-4.6E-02));
#3181 = DIRECTION('',(-0.,-0.,-1.));
#3182 = DIRECTION('',(-0.,-1.,0.));
#3183 = ADVANCED_FACE('',(#3184),#3195,.F.);
#3184 = FACE_BOUND('',#3185,.T.);
#3185 = EDGE_LOOP('',(#3186,#3187,#3193,#3194));
#3186 = ORIENTED_EDGE('',*,*,#570,.T.);
#3187 = ORIENTED_EDGE('',*,*,#3188,.T.);
#3188 = EDGE_CURVE('',#571,#1765,#3189,.T.);
#3189 = LINE('',#3190,#3191);
#3190 = CARTESIAN_POINT('',(135.08,-98.1,-4.6E-02));
#3191 = VECTOR('',#3192,1.);
#3192 = DIRECTION('',(0.,0.,1.));
#3193 = ORIENTED_EDGE('',*,*,#1764,.F.);
#3194 = ORIENTED_EDGE('',*,*,#3188,.F.);
#3195 = CYLINDRICAL_SURFACE('',#3196,0.4);
#3196 = AXIS2_PLACEMENT_3D('',#3197,#3198,#3199);
#3197 = CARTESIAN_POINT('',(135.08,-97.7,-4.6E-02));
#3198 = DIRECTION('',(-0.,0.,-1.));
#3199 = DIRECTION('',(7.105427357601E-14,-1.,-0.));
#3200 = ADVANCED_FACE('',(#3201),#3212,.F.);
#3201 = FACE_BOUND('',#3202,.T.);
#3202 = EDGE_LOOP('',(#3203,#3204,#3210,#3211));
#3203 = ORIENTED_EDGE('',*,*,#581,.T.);
#3204 = ORIENTED_EDGE('',*,*,#3205,.T.);
#3205 = EDGE_CURVE('',#582,#1776,#3206,.T.);
#3206 = LINE('',#3207,#3208);
#3207 = CARTESIAN_POINT('',(137.62,-98.1,-4.6E-02));
#3208 = VECTOR('',#3209,1.);
#3209 = DIRECTION('',(0.,0.,1.));
#3210 = ORIENTED_EDGE('',*,*,#1775,.F.);
#3211 = ORIENTED_EDGE('',*,*,#3205,.F.);
#3212 = CYLINDRICAL_SURFACE('',#3213,0.4);
#3213 = AXIS2_PLACEMENT_3D('',#3214,#3215,#3216);
#3214 = CARTESIAN_POINT('',(137.62,-97.7,-4.6E-02));
#3215 = DIRECTION('',(-0.,-0.,-1.));
#3216 = DIRECTION('',(-0.,-1.,0.));
#3217 = ADVANCED_FACE('',(#3218),#3229,.F.);
#3218 = FACE_BOUND('',#3219,.T.);
#3219 = EDGE_LOOP('',(#3220,#3221,#3227,#3228));
#3220 = ORIENTED_EDGE('',*,*,#592,.T.);
#3221 = ORIENTED_EDGE('',*,*,#3222,.T.);
#3222 = EDGE_CURVE('',#593,#1787,#3223,.T.);
#3223 = LINE('',#3224,#3225);
#3224 = CARTESIAN_POINT('',(140.16,-98.1,-4.6E-02));
#3225 = VECTOR('',#3226,1.);
#3226 = DIRECTION('',(0.,0.,1.));
#3227 = ORIENTED_EDGE('',*,*,#1786,.F.);
#3228 = ORIENTED_EDGE('',*,*,#3222,.F.);
#3229 = CYLINDRICAL_SURFACE('',#3230,0.4);
#3230 = AXIS2_PLACEMENT_3D('',#3231,#3232,#3233);
#3231 = CARTESIAN_POINT('',(140.16,-97.7,-4.6E-02));
#3232 = DIRECTION('',(-0.,-0.,-1.));
#3233 = DIRECTION('',(-0.,-1.,0.));
#3234 = ADVANCED_FACE('',(#3235),#3246,.F.);
#3235 = FACE_BOUND('',#3236,.T.);
#3236 = EDGE_LOOP('',(#3237,#3238,#3244,#3245));
#3237 = ORIENTED_EDGE('',*,*,#603,.T.);
#3238 = ORIENTED_EDGE('',*,*,#3239,.T.);
#3239 = EDGE_CURVE('',#604,#1798,#3240,.T.);
#3240 = LINE('',#3241,#3242);
#3241 = CARTESIAN_POINT('',(142.7,-98.1,-4.6E-02));
#3242 = VECTOR('',#3243,1.);
#3243 = DIRECTION('',(0.,0.,1.));
#3244 = ORIENTED_EDGE('',*,*,#1797,.F.);
#3245 = ORIENTED_EDGE('',*,*,#3239,.F.);
#3246 = CYLINDRICAL_SURFACE('',#3247,0.4);
#3247 = AXIS2_PLACEMENT_3D('',#3248,#3249,#3250);
#3248 = CARTESIAN_POINT('',(142.7,-97.7,-4.6E-02));
#3249 = DIRECTION('',(-0.,-0.,-1.));
#3250 = DIRECTION('',(-0.,-1.,0.));
#3251 = ADVANCED_FACE('',(#3252),#3263,.F.);
#3252 = FACE_BOUND('',#3253,.T.);
#3253 = EDGE_LOOP('',(#3254,#3255,#3261,#3262));
#3254 = ORIENTED_EDGE('',*,*,#614,.T.);
#3255 = ORIENTED_EDGE('',*,*,#3256,.T.);
#3256 = EDGE_CURVE('',#615,#1809,#3257,.T.);
#3257 = LINE('',#3258,#3259);
#3258 = CARTESIAN_POINT('',(145.24,-98.1,-4.6E-02));
#3259 = VECTOR('',#3260,1.);
#3260 = DIRECTION('',(0.,0.,1.));
#3261 = ORIENTED_EDGE('',*,*,#1808,.F.);
#3262 = ORIENTED_EDGE('',*,*,#3256,.F.);
#3263 = CYLINDRICAL_SURFACE('',#3264,0.4);
#3264 = AXIS2_PLACEMENT_3D('',#3265,#3266,#3267);
#3265 = CARTESIAN_POINT('',(145.24,-97.7,-4.6E-02));
#3266 = DIRECTION('',(-0.,-0.,-1.));
#3267 = DIRECTION('',(-0.,-1.,0.));
#3268 = ADVANCED_FACE('',(#3269),#3280,.F.);
#3269 = FACE_BOUND('',#3270,.T.);
#3270 = EDGE_LOOP('',(#3271,#3272,#3278,#3279));
#3271 = ORIENTED_EDGE('',*,*,#625,.T.);
#3272 = ORIENTED_EDGE('',*,*,#3273,.T.);
#3273 = EDGE_CURVE('',#626,#1820,#3274,.T.);
#3274 = LINE('',#3275,#3276);
#3275 = CARTESIAN_POINT('',(147.78,-98.1,-4.6E-02));
#3276 = VECTOR('',#3277,1.);
#3277 = DIRECTION('',(0.,0.,1.));
#3278 = ORIENTED_EDGE('',*,*,#1819,.F.);
#3279 = ORIENTED_EDGE('',*,*,#3273,.F.);
#3280 = CYLINDRICAL_SURFACE('',#3281,0.4);
#3281 = AXIS2_PLACEMENT_3D('',#3282,#3283,#3284);
#3282 = CARTESIAN_POINT('',(147.78,-97.7,-4.6E-02));
#3283 = DIRECTION('',(-0.,-0.,-1.));
#3284 = DIRECTION('',(-0.,-1.,0.));
#3285 = ADVANCED_FACE('',(#3286),#3297,.F.);
#3286 = FACE_BOUND('',#3287,.T.);
#3287 = EDGE_LOOP('',(#3288,#3289,#3295,#3296));
#3288 = ORIENTED_EDGE('',*,*,#636,.T.);
#3289 = ORIENTED_EDGE('',*,*,#3290,.T.);
#3290 = EDGE_CURVE('',#637,#1831,#3291,.T.);
#3291 = LINE('',#3292,#3293);
#3292 = CARTESIAN_POINT('',(150.32,-98.1,-4.6E-02));
#3293 = VECTOR('',#3294,1.);
#3294 = DIRECTION('',(0.,0.,1.));
#3295 = ORIENTED_EDGE('',*,*,#1830,.F.);
#3296 = ORIENTED_EDGE('',*,*,#3290,.F.);
#3297 = CYLINDRICAL_SURFACE('',#3298,0.4);
#3298 = AXIS2_PLACEMENT_3D('',#3299,#3300,#3301);
#3299 = CARTESIAN_POINT('',(150.32,-97.7,-4.6E-02));
#3300 = DIRECTION('',(-0.,-0.,-1.));
#3301 = DIRECTION('',(-0.,-1.,0.));
#3302 = ADVANCED_FACE('',(#3303),#3314,.F.);
#3303 = FACE_BOUND('',#3304,.T.);
#3304 = EDGE_LOOP('',(#3305,#3306,#3312,#3313));
#3305 = ORIENTED_EDGE('',*,*,#647,.T.);
#3306 = ORIENTED_EDGE('',*,*,#3307,.T.);
#3307 = EDGE_CURVE('',#648,#1842,#3308,.T.);
#3308 = LINE('',#3309,#3310);
#3309 = CARTESIAN_POINT('',(152.86,-98.1,-4.6E-02));
#3310 = VECTOR('',#3311,1.);
#3311 = DIRECTION('',(0.,0.,1.));
#3312 = ORIENTED_EDGE('',*,*,#1841,.F.);
#3313 = ORIENTED_EDGE('',*,*,#3307,.F.);
#3314 = CYLINDRICAL_SURFACE('',#3315,0.4);
#3315 = AXIS2_PLACEMENT_3D('',#3316,#3317,#3318);
#3316 = CARTESIAN_POINT('',(152.86,-97.7,-4.6E-02));
#3317 = DIRECTION('',(-0.,-0.,-1.));
#3318 = DIRECTION('',(-0.,-1.,0.));
#3319 = ADVANCED_FACE('',(#3320),#3331,.F.);
#3320 = FACE_BOUND('',#3321,.T.);
#3321 = EDGE_LOOP('',(#3322,#3323,#3329,#3330));
#3322 = ORIENTED_EDGE('',*,*,#658,.T.);
#3323 = ORIENTED_EDGE('',*,*,#3324,.T.);
#3324 = EDGE_CURVE('',#659,#1853,#3325,.T.);
#3325 = LINE('',#3326,#3327);
#3326 = CARTESIAN_POINT('',(161.5,-97.5,-4.6E-02));
#3327 = VECTOR('',#3328,1.);
#3328 = DIRECTION('',(0.,0.,1.));
#3329 = ORIENTED_EDGE('',*,*,#1852,.F.);
#3330 = ORIENTED_EDGE('',*,*,#3324,.F.);
#3331 = CYLINDRICAL_SURFACE('',#3332,0.5);
#3332 = AXIS2_PLACEMENT_3D('',#3333,#3334,#3335);
#3333 = CARTESIAN_POINT('',(161.5,-97.,-4.6E-02));
#3334 = DIRECTION('',(-0.,-0.,-1.));
#3335 = DIRECTION('',(-0.,-1.,0.));
#3336 = ADVANCED_FACE('',(#3337),#3348,.F.);
#3337 = FACE_BOUND('',#3338,.T.);
#3338 = EDGE_LOOP('',(#3339,#3340,#3346,#3347));
#3339 = ORIENTED_EDGE('',*,*,#669,.T.);
#3340 = ORIENTED_EDGE('',*,*,#3341,.T.);
#3341 = EDGE_CURVE('',#670,#1864,#3342,.T.);
#3342 = LINE('',#3343,#3344);
#3343 = CARTESIAN_POINT('',(98.5,-84.23,-4.6E-02));
#3344 = VECTOR('',#3345,1.);
#3345 = DIRECTION('',(0.,0.,1.));
#3346 = ORIENTED_EDGE('',*,*,#1863,.F.);
#3347 = ORIENTED_EDGE('',*,*,#3341,.F.);
#3348 = CYLINDRICAL_SURFACE('',#3349,0.5);
#3349 = AXIS2_PLACEMENT_3D('',#3350,#3351,#3352);
#3350 = CARTESIAN_POINT('',(98.5,-83.73,-4.6E-02));
#3351 = DIRECTION('',(-0.,-0.,-1.));
#3352 = DIRECTION('',(-0.,-1.,0.));
#3353 = ADVANCED_FACE('',(#3354),#3365,.F.);
#3354 = FACE_BOUND('',#3355,.T.);
#3355 = EDGE_LOOP('',(#3356,#3357,#3363,#3364));
#3356 = ORIENTED_EDGE('',*,*,#680,.T.);
#3357 = ORIENTED_EDGE('',*,*,#3358,.T.);
#3358 = EDGE_CURVE('',#681,#1875,#3359,.T.);
#3359 = LINE('',#3360,#3361);
#3360 = CARTESIAN_POINT('',(98.5,-81.69,-4.6E-02));
#3361 = VECTOR('',#3362,1.);
#3362 = DIRECTION('',(0.,0.,1.));
#3363 = ORIENTED_EDGE('',*,*,#1874,.F.);
#3364 = ORIENTED_EDGE('',*,*,#3358,.F.);
#3365 = CYLINDRICAL_SURFACE('',#3366,0.5);
#3366 = AXIS2_PLACEMENT_3D('',#3367,#3368,#3369);
#3367 = CARTESIAN_POINT('',(98.5,-81.19,-4.6E-02));
#3368 = DIRECTION('',(-0.,-0.,-1.));
#3369 = DIRECTION('',(-0.,-1.,0.));
#3370 = ADVANCED_FACE('',(#3371),#3382,.F.);
#3371 = FACE_BOUND('',#3372,.T.);
#3372 = EDGE_LOOP('',(#3373,#3374,#3380,#3381));
#3373 = ORIENTED_EDGE('',*,*,#691,.T.);
#3374 = ORIENTED_EDGE('',*,*,#3375,.T.);
#3375 = EDGE_CURVE('',#692,#1886,#3376,.T.);
#3376 = LINE('',#3377,#3378);
#3377 = CARTESIAN_POINT('',(108.19,-82.55,-4.6E-02));
#3378 = VECTOR('',#3379,1.);
#3379 = DIRECTION('',(0.,0.,1.));
#3380 = ORIENTED_EDGE('',*,*,#1885,.F.);
#3381 = ORIENTED_EDGE('',*,*,#3375,.F.);
#3382 = CYLINDRICAL_SURFACE('',#3383,0.55);
#3383 = AXIS2_PLACEMENT_3D('',#3384,#3385,#3386);
#3384 = CARTESIAN_POINT('',(108.19,-82.,-4.6E-02));
#3385 = DIRECTION('',(-0.,-0.,-1.));
#3386 = DIRECTION('',(-0.,-1.,0.));
#3387 = ADVANCED_FACE('',(#3388),#3399,.F.);
#3388 = FACE_BOUND('',#3389,.T.);
#3389 = EDGE_LOOP('',(#3390,#3391,#3397,#3398));
#3390 = ORIENTED_EDGE('',*,*,#702,.T.);
#3391 = ORIENTED_EDGE('',*,*,#3392,.T.);
#3392 = EDGE_CURVE('',#703,#1897,#3393,.T.);
#3393 = LINE('',#3394,#3395);
#3394 = CARTESIAN_POINT('',(98.5,-79.15,-4.6E-02));
#3395 = VECTOR('',#3396,1.);
#3396 = DIRECTION('',(0.,0.,1.));
#3397 = ORIENTED_EDGE('',*,*,#1896,.F.);
#3398 = ORIENTED_EDGE('',*,*,#3392,.F.);
#3399 = CYLINDRICAL_SURFACE('',#3400,0.5);
#3400 = AXIS2_PLACEMENT_3D('',#3401,#3402,#3403);
#3401 = CARTESIAN_POINT('',(98.5,-78.65,-4.6E-02));
#3402 = DIRECTION('',(-0.,-0.,-1.));
#3403 = DIRECTION('',(-0.,-1.,0.));
#3404 = ADVANCED_FACE('',(#3405),#3416,.F.);
#3405 = FACE_BOUND('',#3406,.T.);
#3406 = EDGE_LOOP('',(#3407,#3408,#3414,#3415));
#3407 = ORIENTED_EDGE('',*,*,#713,.T.);
#3408 = ORIENTED_EDGE('',*,*,#3409,.T.);
#3409 = EDGE_CURVE('',#714,#1908,#3410,.T.);
#3410 = LINE('',#3411,#3412);
#3411 = CARTESIAN_POINT('',(115.81,-82.55,-4.6E-02));
#3412 = VECTOR('',#3413,1.);
#3413 = DIRECTION('',(0.,0.,1.));
#3414 = ORIENTED_EDGE('',*,*,#1907,.F.);
#3415 = ORIENTED_EDGE('',*,*,#3409,.F.);
#3416 = CYLINDRICAL_SURFACE('',#3417,0.55);
#3417 = AXIS2_PLACEMENT_3D('',#3418,#3419,#3420);
#3418 = CARTESIAN_POINT('',(115.81,-82.,-4.6E-02));
#3419 = DIRECTION('',(-0.,-0.,-1.));
#3420 = DIRECTION('',(-0.,-1.,0.));
#3421 = ADVANCED_FACE('',(#3422),#3433,.F.);
#3422 = FACE_BOUND('',#3423,.T.);
#3423 = EDGE_LOOP('',(#3424,#3425,#3431,#3432));
#3424 = ORIENTED_EDGE('',*,*,#724,.T.);
#3425 = ORIENTED_EDGE('',*,*,#3426,.T.);
#3426 = EDGE_CURVE('',#725,#1919,#3427,.T.);
#3427 = LINE('',#3428,#3429);
#3428 = CARTESIAN_POINT('',(97.73,-69.,-4.6E-02));
#3429 = VECTOR('',#3430,1.);
#3430 = DIRECTION('',(0.,0.,1.));
#3431 = ORIENTED_EDGE('',*,*,#1918,.F.);
#3432 = ORIENTED_EDGE('',*,*,#3426,.F.);
#3433 = CYLINDRICAL_SURFACE('',#3434,0.5);
#3434 = AXIS2_PLACEMENT_3D('',#3435,#3436,#3437);
#3435 = CARTESIAN_POINT('',(97.73,-68.5,-4.6E-02));
#3436 = DIRECTION('',(-0.,-0.,-1.));
#3437 = DIRECTION('',(-0.,-1.,0.));
#3438 = ADVANCED_FACE('',(#3439),#3450,.F.);
#3439 = FACE_BOUND('',#3440,.T.);
#3440 = EDGE_LOOP('',(#3441,#3442,#3448,#3449));
#3441 = ORIENTED_EDGE('',*,*,#735,.T.);
#3442 = ORIENTED_EDGE('',*,*,#3443,.T.);
#3443 = EDGE_CURVE('',#736,#1930,#3444,.T.);
#3444 = LINE('',#3445,#3446);
#3445 = CARTESIAN_POINT('',(100.27,-69.,-4.6E-02));
#3446 = VECTOR('',#3447,1.);
#3447 = DIRECTION('',(0.,0.,1.));
#3448 = ORIENTED_EDGE('',*,*,#1929,.F.);
#3449 = ORIENTED_EDGE('',*,*,#3443,.F.);
#3450 = CYLINDRICAL_SURFACE('',#3451,0.5);
#3451 = AXIS2_PLACEMENT_3D('',#3452,#3453,#3454);
#3452 = CARTESIAN_POINT('',(100.27,-68.5,-4.6E-02));
#3453 = DIRECTION('',(-0.,-0.,-1.));
#3454 = DIRECTION('',(-0.,-1.,0.));
#3455 = ADVANCED_FACE('',(#3456),#3467,.F.);
#3456 = FACE_BOUND('',#3457,.T.);
#3457 = EDGE_LOOP('',(#3458,#3459,#3465,#3466));
#3458 = ORIENTED_EDGE('',*,*,#746,.T.);
#3459 = ORIENTED_EDGE('',*,*,#3460,.T.);
#3460 = EDGE_CURVE('',#747,#1941,#3461,.T.);
#3461 = LINE('',#3462,#3463);
#3462 = CARTESIAN_POINT('',(107.14,-72.7,-4.6E-02));
#3463 = VECTOR('',#3464,1.);
#3464 = DIRECTION('',(0.,0.,1.));
#3465 = ORIENTED_EDGE('',*,*,#1940,.F.);
#3466 = ORIENTED_EDGE('',*,*,#3460,.F.);
#3467 = CYLINDRICAL_SURFACE('',#3468,0.4);
#3468 = AXIS2_PLACEMENT_3D('',#3469,#3470,#3471);
#3469 = CARTESIAN_POINT('',(107.14,-72.3,-4.6E-02));
#3470 = DIRECTION('',(-0.,-0.,-1.));
#3471 = DIRECTION('',(-0.,-1.,0.));
#3472 = ADVANCED_FACE('',(#3473),#3484,.F.);
#3473 = FACE_BOUND('',#3474,.T.);
#3474 = EDGE_LOOP('',(#3475,#3476,#3482,#3483));
#3475 = ORIENTED_EDGE('',*,*,#757,.T.);
#3476 = ORIENTED_EDGE('',*,*,#3477,.T.);
#3477 = EDGE_CURVE('',#758,#1952,#3478,.T.);
#3478 = LINE('',#3479,#3480);
#3479 = CARTESIAN_POINT('',(109.68,-72.7,-4.6E-02));
#3480 = VECTOR('',#3481,1.);
#3481 = DIRECTION('',(0.,0.,1.));
#3482 = ORIENTED_EDGE('',*,*,#1951,.F.);
#3483 = ORIENTED_EDGE('',*,*,#3477,.F.);
#3484 = CYLINDRICAL_SURFACE('',#3485,0.4);
#3485 = AXIS2_PLACEMENT_3D('',#3486,#3487,#3488);
#3486 = CARTESIAN_POINT('',(109.68,-72.3,-4.6E-02));
#3487 = DIRECTION('',(-0.,-0.,-1.));
#3488 = DIRECTION('',(-0.,-1.,0.));
#3489 = ADVANCED_FACE('',(#3490),#3501,.F.);
#3490 = FACE_BOUND('',#3491,.T.);
#3491 = EDGE_LOOP('',(#3492,#3493,#3499,#3500));
#3492 = ORIENTED_EDGE('',*,*,#768,.T.);
#3493 = ORIENTED_EDGE('',*,*,#3494,.T.);
#3494 = EDGE_CURVE('',#769,#1963,#3495,.T.);
#3495 = LINE('',#3496,#3497);
#3496 = CARTESIAN_POINT('',(112.22,-72.7,-4.6E-02));
#3497 = VECTOR('',#3498,1.);
#3498 = DIRECTION('',(0.,0.,1.));
#3499 = ORIENTED_EDGE('',*,*,#1962,.F.);
#3500 = ORIENTED_EDGE('',*,*,#3494,.F.);
#3501 = CYLINDRICAL_SURFACE('',#3502,0.4);
#3502 = AXIS2_PLACEMENT_3D('',#3503,#3504,#3505);
#3503 = CARTESIAN_POINT('',(112.22,-72.3,-4.6E-02));
#3504 = DIRECTION('',(-0.,-0.,-1.));
#3505 = DIRECTION('',(-0.,-1.,0.));
#3506 = ADVANCED_FACE('',(#3507),#3518,.F.);
#3507 = FACE_BOUND('',#3508,.T.);
#3508 = EDGE_LOOP('',(#3509,#3510,#3516,#3517));
#3509 = ORIENTED_EDGE('',*,*,#779,.T.);
#3510 = ORIENTED_EDGE('',*,*,#3511,.T.);
#3511 = EDGE_CURVE('',#780,#1974,#3512,.T.);
#3512 = LINE('',#3513,#3514);
#3513 = CARTESIAN_POINT('',(111.,-67.9,-4.6E-02));
#3514 = VECTOR('',#3515,1.);
#3515 = DIRECTION('',(0.,0.,1.));
#3516 = ORIENTED_EDGE('',*,*,#1973,.F.);
#3517 = ORIENTED_EDGE('',*,*,#3511,.F.);
#3518 = CYLINDRICAL_SURFACE('',#3519,0.4);
#3519 = AXIS2_PLACEMENT_3D('',#3520,#3521,#3522);
#3520 = CARTESIAN_POINT('',(111.,-67.5,-4.6E-02));
#3521 = DIRECTION('',(-0.,-0.,-1.));
#3522 = DIRECTION('',(-0.,-1.,0.));
#3523 = ADVANCED_FACE('',(#3524),#3535,.F.);
#3524 = FACE_BOUND('',#3525,.T.);
#3525 = EDGE_LOOP('',(#3526,#3527,#3533,#3534));
#3526 = ORIENTED_EDGE('',*,*,#790,.T.);
#3527 = ORIENTED_EDGE('',*,*,#3528,.T.);
#3528 = EDGE_CURVE('',#791,#1985,#3529,.T.);
#3529 = LINE('',#3530,#3531);
#3530 = CARTESIAN_POINT('',(113.,-67.9,-4.6E-02));
#3531 = VECTOR('',#3532,1.);
#3532 = DIRECTION('',(0.,0.,1.));
#3533 = ORIENTED_EDGE('',*,*,#1984,.F.);
#3534 = ORIENTED_EDGE('',*,*,#3528,.F.);
#3535 = CYLINDRICAL_SURFACE('',#3536,0.4);
#3536 = AXIS2_PLACEMENT_3D('',#3537,#3538,#3539);
#3537 = CARTESIAN_POINT('',(113.,-67.5,-4.6E-02));
#3538 = DIRECTION('',(-0.,-0.,-1.));
#3539 = DIRECTION('',(-0.,-1.,0.));
#3540 = ADVANCED_FACE('',(#3541),#3552,.F.);
#3541 = FACE_BOUND('',#3542,.T.);
#3542 = EDGE_LOOP('',(#3543,#3544,#3550,#3551));
#3543 = ORIENTED_EDGE('',*,*,#801,.T.);
#3544 = ORIENTED_EDGE('',*,*,#3545,.T.);
#3545 = EDGE_CURVE('',#802,#1996,#3546,.T.);
#3546 = LINE('',#3547,#3548);
#3547 = CARTESIAN_POINT('',(97.73,-63.05,-4.6E-02));
#3548 = VECTOR('',#3549,1.);
#3549 = DIRECTION('',(0.,0.,1.));
#3550 = ORIENTED_EDGE('',*,*,#1995,.F.);
#3551 = ORIENTED_EDGE('',*,*,#3545,.F.);
#3552 = CYLINDRICAL_SURFACE('',#3553,0.45);
#3553 = AXIS2_PLACEMENT_3D('',#3554,#3555,#3556);
#3554 = CARTESIAN_POINT('',(97.73,-62.6,-4.6E-02));
#3555 = DIRECTION('',(-0.,-0.,-1.));
#3556 = DIRECTION('',(-0.,-1.,0.));
#3557 = ADVANCED_FACE('',(#3558),#3569,.F.);
#3558 = FACE_BOUND('',#3559,.T.);
#3559 = EDGE_LOOP('',(#3560,#3561,#3567,#3568));
#3560 = ORIENTED_EDGE('',*,*,#812,.T.);
#3561 = ORIENTED_EDGE('',*,*,#3562,.T.);
#3562 = EDGE_CURVE('',#813,#2007,#3563,.T.);
#3563 = LINE('',#3564,#3565);
#3564 = CARTESIAN_POINT('',(100.27,-63.05,-4.6E-02));
#3565 = VECTOR('',#3566,1.);
#3566 = DIRECTION('',(0.,0.,1.));
#3567 = ORIENTED_EDGE('',*,*,#2006,.F.);
#3568 = ORIENTED_EDGE('',*,*,#3562,.F.);
#3569 = CYLINDRICAL_SURFACE('',#3570,0.45);
#3570 = AXIS2_PLACEMENT_3D('',#3571,#3572,#3573);
#3571 = CARTESIAN_POINT('',(100.27,-62.6,-4.6E-02));
#3572 = DIRECTION('',(-0.,-0.,-1.));
#3573 = DIRECTION('',(-0.,-1.,0.));
#3574 = ADVANCED_FACE('',(#3575),#3586,.F.);
#3575 = FACE_BOUND('',#3576,.T.);
#3576 = EDGE_LOOP('',(#3577,#3578,#3584,#3585));
#3577 = ORIENTED_EDGE('',*,*,#823,.T.);
#3578 = ORIENTED_EDGE('',*,*,#3579,.T.);
#3579 = EDGE_CURVE('',#824,#2018,#3580,.T.);
#3580 = LINE('',#3581,#3582);
#3581 = CARTESIAN_POINT('',(102.69,-63.,-4.6E-02));
#3582 = VECTOR('',#3583,1.);
#3583 = DIRECTION('',(0.,0.,1.));
#3584 = ORIENTED_EDGE('',*,*,#2017,.F.);
#3585 = ORIENTED_EDGE('',*,*,#3579,.F.);
#3586 = CYLINDRICAL_SURFACE('',#3587,0.4);
#3587 = AXIS2_PLACEMENT_3D('',#3588,#3589,#3590);
#3588 = CARTESIAN_POINT('',(102.69,-62.6,-4.6E-02));
#3589 = DIRECTION('',(-0.,-0.,-1.));
#3590 = DIRECTION('',(-0.,-1.,0.));
#3591 = ADVANCED_FACE('',(#3592),#3603,.F.);
#3592 = FACE_BOUND('',#3593,.T.);
#3593 = EDGE_LOOP('',(#3594,#3595,#3601,#3602));
#3594 = ORIENTED_EDGE('',*,*,#834,.T.);
#3595 = ORIENTED_EDGE('',*,*,#3596,.T.);
#3596 = EDGE_CURVE('',#835,#2029,#3597,.T.);
#3597 = LINE('',#3598,#3599);
#3598 = CARTESIAN_POINT('',(110.31,-63.,-4.6E-02));
#3599 = VECTOR('',#3600,1.);
#3600 = DIRECTION('',(0.,0.,1.));
#3601 = ORIENTED_EDGE('',*,*,#2028,.F.);
#3602 = ORIENTED_EDGE('',*,*,#3596,.F.);
#3603 = CYLINDRICAL_SURFACE('',#3604,0.4);
#3604 = AXIS2_PLACEMENT_3D('',#3605,#3606,#3607);
#3605 = CARTESIAN_POINT('',(110.31,-62.6,-4.6E-02));
#3606 = DIRECTION('',(-0.,-0.,-1.));
#3607 = DIRECTION('',(-0.,-1.,0.));
#3608 = ADVANCED_FACE('',(#3609),#3620,.F.);
#3609 = FACE_BOUND('',#3610,.T.);
#3610 = EDGE_LOOP('',(#3611,#3612,#3618,#3619));
#3611 = ORIENTED_EDGE('',*,*,#845,.T.);
#3612 = ORIENTED_EDGE('',*,*,#3613,.T.);
#3613 = EDGE_CURVE('',#846,#2040,#3614,.T.);
#3614 = LINE('',#3615,#3616);
#3615 = CARTESIAN_POINT('',(114.76,-72.7,-4.6E-02));
#3616 = VECTOR('',#3617,1.);
#3617 = DIRECTION('',(0.,0.,1.));
#3618 = ORIENTED_EDGE('',*,*,#2039,.F.);
#3619 = ORIENTED_EDGE('',*,*,#3613,.F.);
#3620 = CYLINDRICAL_SURFACE('',#3621,0.4);
#3621 = AXIS2_PLACEMENT_3D('',#3622,#3623,#3624);
#3622 = CARTESIAN_POINT('',(114.76,-72.3,-4.6E-02));
#3623 = DIRECTION('',(-0.,0.,-1.));
#3624 = DIRECTION('',(3.5527136788E-14,-1.,-0.));
#3625 = ADVANCED_FACE('',(#3626),#3637,.F.);
#3626 = FACE_BOUND('',#3627,.T.);
#3627 = EDGE_LOOP('',(#3628,#3629,#3635,#3636));
#3628 = ORIENTED_EDGE('',*,*,#856,.T.);
#3629 = ORIENTED_EDGE('',*,*,#3630,.T.);
#3630 = EDGE_CURVE('',#857,#2051,#3631,.T.);
#3631 = LINE('',#3632,#3633);
#3632 = CARTESIAN_POINT('',(117.3,-72.7,-4.6E-02));
#3633 = VECTOR('',#3634,1.);
#3634 = DIRECTION('',(0.,0.,1.));
#3635 = ORIENTED_EDGE('',*,*,#2050,.F.);
#3636 = ORIENTED_EDGE('',*,*,#3630,.F.);
#3637 = CYLINDRICAL_SURFACE('',#3638,0.4);
#3638 = AXIS2_PLACEMENT_3D('',#3639,#3640,#3641);
#3639 = CARTESIAN_POINT('',(117.3,-72.3,-4.6E-02));
#3640 = DIRECTION('',(-0.,-0.,-1.));
#3641 = DIRECTION('',(-3.552713678801E-14,-1.,0.));
#3642 = ADVANCED_FACE('',(#3643),#3654,.F.);
#3643 = FACE_BOUND('',#3644,.T.);
#3644 = EDGE_LOOP('',(#3645,#3646,#3652,#3653));
#3645 = ORIENTED_EDGE('',*,*,#867,.T.);
#3646 = ORIENTED_EDGE('',*,*,#3647,.T.);
#3647 = EDGE_CURVE('',#868,#2062,#3648,.T.);
#3648 = LINE('',#3649,#3650);
#3649 = CARTESIAN_POINT('',(119.84,-72.7,-4.6E-02));
#3650 = VECTOR('',#3651,1.);
#3651 = DIRECTION('',(0.,0.,1.));
#3652 = ORIENTED_EDGE('',*,*,#2061,.F.);
#3653 = ORIENTED_EDGE('',*,*,#3647,.F.);
#3654 = CYLINDRICAL_SURFACE('',#3655,0.4);
#3655 = AXIS2_PLACEMENT_3D('',#3656,#3657,#3658);
#3656 = CARTESIAN_POINT('',(119.84,-72.3,-4.6E-02));
#3657 = DIRECTION('',(-0.,-0.,-1.));
#3658 = DIRECTION('',(-0.,-1.,0.));
#3659 = ADVANCED_FACE('',(#3660),#3671,.F.);
#3660 = FACE_BOUND('',#3661,.T.);
#3661 = EDGE_LOOP('',(#3662,#3663,#3669,#3670));
#3662 = ORIENTED_EDGE('',*,*,#878,.T.);
#3663 = ORIENTED_EDGE('',*,*,#3664,.T.);
#3664 = EDGE_CURVE('',#879,#2073,#3665,.T.);
#3665 = LINE('',#3666,#3667);
#3666 = CARTESIAN_POINT('',(122.38,-72.7,-4.6E-02));
#3667 = VECTOR('',#3668,1.);
#3668 = DIRECTION('',(0.,0.,1.));
#3669 = ORIENTED_EDGE('',*,*,#2072,.F.);
#3670 = ORIENTED_EDGE('',*,*,#3664,.F.);
#3671 = CYLINDRICAL_SURFACE('',#3672,0.4);
#3672 = AXIS2_PLACEMENT_3D('',#3673,#3674,#3675);
#3673 = CARTESIAN_POINT('',(122.38,-72.3,-4.6E-02));
#3674 = DIRECTION('',(-0.,-0.,-1.));
#3675 = DIRECTION('',(-0.,-1.,0.));
#3676 = ADVANCED_FACE('',(#3677),#3688,.F.);
#3677 = FACE_BOUND('',#3678,.T.);
#3678 = EDGE_LOOP('',(#3679,#3680,#3686,#3687));
#3679 = ORIENTED_EDGE('',*,*,#889,.T.);
#3680 = ORIENTED_EDGE('',*,*,#3681,.T.);
#3681 = EDGE_CURVE('',#890,#2084,#3682,.T.);
#3682 = LINE('',#3683,#3684);
#3683 = CARTESIAN_POINT('',(124.92,-72.7,-4.6E-02));
#3684 = VECTOR('',#3685,1.);
#3685 = DIRECTION('',(0.,0.,1.));
#3686 = ORIENTED_EDGE('',*,*,#2083,.F.);
#3687 = ORIENTED_EDGE('',*,*,#3681,.F.);
#3688 = CYLINDRICAL_SURFACE('',#3689,0.4);
#3689 = AXIS2_PLACEMENT_3D('',#3690,#3691,#3692);
#3690 = CARTESIAN_POINT('',(124.92,-72.3,-4.6E-02));
#3691 = DIRECTION('',(-0.,0.,-1.));
#3692 = DIRECTION('',(3.5527136788E-14,-1.,-0.));
#3693 = ADVANCED_FACE('',(#3694),#3705,.F.);
#3694 = FACE_BOUND('',#3695,.T.);
#3695 = EDGE_LOOP('',(#3696,#3697,#3703,#3704));
#3696 = ORIENTED_EDGE('',*,*,#900,.T.);
#3697 = ORIENTED_EDGE('',*,*,#3698,.T.);
#3698 = EDGE_CURVE('',#901,#2095,#3699,.T.);
#3699 = LINE('',#3700,#3701);
#3700 = CARTESIAN_POINT('',(127.46,-72.7,-4.6E-02));
#3701 = VECTOR('',#3702,1.);
#3702 = DIRECTION('',(0.,0.,1.));
#3703 = ORIENTED_EDGE('',*,*,#2094,.F.);
#3704 = ORIENTED_EDGE('',*,*,#3698,.F.);
#3705 = CYLINDRICAL_SURFACE('',#3706,0.4);
#3706 = AXIS2_PLACEMENT_3D('',#3707,#3708,#3709);
#3707 = CARTESIAN_POINT('',(127.46,-72.3,-4.6E-02));
#3708 = DIRECTION('',(-0.,-0.,-1.));
#3709 = DIRECTION('',(-3.552713678801E-14,-1.,0.));
#3710 = ADVANCED_FACE('',(#3711),#3722,.F.);
#3711 = FACE_BOUND('',#3712,.T.);
#3712 = EDGE_LOOP('',(#3713,#3714,#3720,#3721));
#3713 = ORIENTED_EDGE('',*,*,#911,.T.);
#3714 = ORIENTED_EDGE('',*,*,#3715,.T.);
#3715 = EDGE_CURVE('',#912,#2106,#3716,.T.);
#3716 = LINE('',#3717,#3718);
#3717 = CARTESIAN_POINT('',(130.,-72.7,-4.6E-02));
#3718 = VECTOR('',#3719,1.);
#3719 = DIRECTION('',(0.,0.,1.));
#3720 = ORIENTED_EDGE('',*,*,#2105,.F.);
#3721 = ORIENTED_EDGE('',*,*,#3715,.F.);
#3722 = CYLINDRICAL_SURFACE('',#3723,0.4);
#3723 = AXIS2_PLACEMENT_3D('',#3724,#3725,#3726);
#3724 = CARTESIAN_POINT('',(130.,-72.3,-4.6E-02));
#3725 = DIRECTION('',(-0.,-0.,-1.));
#3726 = DIRECTION('',(-0.,-1.,0.));
#3727 = ADVANCED_FACE('',(#3728),#3739,.F.);
#3728 = FACE_BOUND('',#3729,.T.);
#3729 = EDGE_LOOP('',(#3730,#3731,#3737,#3738));
#3730 = ORIENTED_EDGE('',*,*,#922,.T.);
#3731 = ORIENTED_EDGE('',*,*,#3732,.T.);
#3732 = EDGE_CURVE('',#923,#2117,#3733,.T.);
#3733 = LINE('',#3734,#3735);
#3734 = CARTESIAN_POINT('',(126.19,-68.5,-4.6E-02));
#3735 = VECTOR('',#3736,1.);
#3736 = DIRECTION('',(0.,0.,1.));
#3737 = ORIENTED_EDGE('',*,*,#2116,.F.);
#3738 = ORIENTED_EDGE('',*,*,#3732,.F.);
#3739 = CYLINDRICAL_SURFACE('',#3740,0.5);
#3740 = AXIS2_PLACEMENT_3D('',#3741,#3742,#3743);
#3741 = CARTESIAN_POINT('',(126.19,-68.,-4.6E-02));
#3742 = DIRECTION('',(-0.,-0.,-1.));
#3743 = DIRECTION('',(-0.,-1.,0.));
#3744 = ADVANCED_FACE('',(#3745),#3756,.F.);
#3745 = FACE_BOUND('',#3746,.T.);
#3746 = EDGE_LOOP('',(#3747,#3748,#3754,#3755));
#3747 = ORIENTED_EDGE('',*,*,#933,.T.);
#3748 = ORIENTED_EDGE('',*,*,#3749,.T.);
#3749 = EDGE_CURVE('',#934,#2128,#3750,.T.);
#3750 = LINE('',#3751,#3752);
#3751 = CARTESIAN_POINT('',(128.73,-68.5,-4.6E-02));
#3752 = VECTOR('',#3753,1.);
#3753 = DIRECTION('',(0.,0.,1.));
#3754 = ORIENTED_EDGE('',*,*,#2127,.F.);
#3755 = ORIENTED_EDGE('',*,*,#3749,.F.);
#3756 = CYLINDRICAL_SURFACE('',#3757,0.5);
#3757 = AXIS2_PLACEMENT_3D('',#3758,#3759,#3760);
#3758 = CARTESIAN_POINT('',(128.73,-68.,-4.6E-02));
#3759 = DIRECTION('',(-0.,-0.,-1.));
#3760 = DIRECTION('',(-0.,-1.,0.));
#3761 = ADVANCED_FACE('',(#3762),#3773,.F.);
#3762 = FACE_BOUND('',#3763,.T.);
#3763 = EDGE_LOOP('',(#3764,#3765,#3771,#3772));
#3764 = ORIENTED_EDGE('',*,*,#944,.T.);
#3765 = ORIENTED_EDGE('',*,*,#3766,.T.);
#3766 = EDGE_CURVE('',#945,#2139,#3767,.T.);
#3767 = LINE('',#3768,#3769);
#3768 = CARTESIAN_POINT('',(121.,-67.43,-4.6E-02));
#3769 = VECTOR('',#3770,1.);
#3770 = DIRECTION('',(0.,0.,1.));
#3771 = ORIENTED_EDGE('',*,*,#2138,.F.);
#3772 = ORIENTED_EDGE('',*,*,#3766,.F.);
#3773 = CYLINDRICAL_SURFACE('',#3774,1.25);
#3774 = AXIS2_PLACEMENT_3D('',#3775,#3776,#3777);
#3775 = CARTESIAN_POINT('',(121.,-66.18,-4.6E-02));
#3776 = DIRECTION('',(-0.,-0.,-1.));
#3777 = DIRECTION('',(-0.,-1.,0.));
#3778 = ADVANCED_FACE('',(#3779),#3790,.F.);
#3779 = FACE_BOUND('',#3780,.T.);
#3780 = EDGE_LOOP('',(#3781,#3782,#3788,#3789));
#3781 = ORIENTED_EDGE('',*,*,#955,.T.);
#3782 = ORIENTED_EDGE('',*,*,#3783,.T.);
#3783 = EDGE_CURVE('',#956,#2150,#3784,.T.);
#3784 = LINE('',#3785,#3786);
#3785 = CARTESIAN_POINT('',(118.25,-66.05,-4.6E-02));
#3786 = VECTOR('',#3787,1.);
#3787 = DIRECTION('',(0.,0.,1.));
#3788 = ORIENTED_EDGE('',*,*,#2149,.F.);
#3789 = ORIENTED_EDGE('',*,*,#3783,.F.);
#3790 = CYLINDRICAL_SURFACE('',#3791,0.5);
#3791 = AXIS2_PLACEMENT_3D('',#3792,#3793,#3794);
#3792 = CARTESIAN_POINT('',(118.25,-65.55,-4.6E-02));
#3793 = DIRECTION('',(-0.,-0.,-1.));
#3794 = DIRECTION('',(-0.,-1.,0.));
#3795 = ADVANCED_FACE('',(#3796),#3807,.F.);
#3796 = FACE_BOUND('',#3797,.T.);
#3797 = EDGE_LOOP('',(#3798,#3799,#3805,#3806));
#3798 = ORIENTED_EDGE('',*,*,#966,.T.);
#3799 = ORIENTED_EDGE('',*,*,#3800,.T.);
#3800 = EDGE_CURVE('',#967,#2161,#3801,.T.);
#3801 = LINE('',#3802,#3803);
#3802 = CARTESIAN_POINT('',(116.35,-62.33,-4.6E-02));
#3803 = VECTOR('',#3804,1.);
#3804 = DIRECTION('',(0.,0.,1.));
#3805 = ORIENTED_EDGE('',*,*,#2160,.F.);
#3806 = ORIENTED_EDGE('',*,*,#3800,.F.);
#3807 = CYLINDRICAL_SURFACE('',#3808,0.5);
#3808 = AXIS2_PLACEMENT_3D('',#3809,#3810,#3811);
#3809 = CARTESIAN_POINT('',(116.35,-61.83,-4.6E-02));
#3810 = DIRECTION('',(-0.,-0.,-1.));
#3811 = DIRECTION('',(-0.,-1.,0.));
#3812 = ADVANCED_FACE('',(#3813),#3824,.F.);
#3813 = FACE_BOUND('',#3814,.T.);
#3814 = EDGE_LOOP('',(#3815,#3816,#3822,#3823));
#3815 = ORIENTED_EDGE('',*,*,#977,.T.);
#3816 = ORIENTED_EDGE('',*,*,#3817,.T.);
#3817 = EDGE_CURVE('',#978,#2172,#3818,.T.);
#3818 = LINE('',#3819,#3820);
#3819 = CARTESIAN_POINT('',(118.25,-63.51,-4.6E-02));
#3820 = VECTOR('',#3821,1.);
#3821 = DIRECTION('',(0.,0.,1.));
#3822 = ORIENTED_EDGE('',*,*,#2171,.F.);
#3823 = ORIENTED_EDGE('',*,*,#3817,.F.);
#3824 = CYLINDRICAL_SURFACE('',#3825,0.5);
#3825 = AXIS2_PLACEMENT_3D('',#3826,#3827,#3828);
#3826 = CARTESIAN_POINT('',(118.25,-63.01,-4.6E-02));
#3827 = DIRECTION('',(-0.,-0.,-1.));
#3828 = DIRECTION('',(-0.,-1.,0.));
#3829 = ADVANCED_FACE('',(#3830),#3841,.F.);
#3830 = FACE_BOUND('',#3831,.T.);
#3831 = EDGE_LOOP('',(#3832,#3833,#3839,#3840));
#3832 = ORIENTED_EDGE('',*,*,#988,.T.);
#3833 = ORIENTED_EDGE('',*,*,#3834,.T.);
#3834 = EDGE_CURVE('',#989,#2183,#3835,.T.);
#3835 = LINE('',#3836,#3837);
#3836 = CARTESIAN_POINT('',(121.,-63.63,-4.6E-02));
#3837 = VECTOR('',#3838,1.);
#3838 = DIRECTION('',(0.,0.,1.));
#3839 = ORIENTED_EDGE('',*,*,#2182,.F.);
#3840 = ORIENTED_EDGE('',*,*,#3834,.F.);
#3841 = CYLINDRICAL_SURFACE('',#3842,1.25);
#3842 = AXIS2_PLACEMENT_3D('',#3843,#3844,#3845);
#3843 = CARTESIAN_POINT('',(121.,-62.38,-4.6E-02));
#3844 = DIRECTION('',(-0.,-0.,-1.));
#3845 = DIRECTION('',(-0.,-1.,0.));
#3846 = ADVANCED_FACE('',(#3847),#3858,.F.);
#3847 = FACE_BOUND('',#3848,.T.);
#3848 = EDGE_LOOP('',(#3849,#3850,#3856,#3857));
#3849 = ORIENTED_EDGE('',*,*,#999,.T.);
#3850 = ORIENTED_EDGE('',*,*,#3851,.T.);
#3851 = EDGE_CURVE('',#1000,#2194,#3852,.T.);
#3852 = LINE('',#3853,#3854);
#3853 = CARTESIAN_POINT('',(123.75,-66.05,-4.6E-02));
#3854 = VECTOR('',#3855,1.);
#3855 = DIRECTION('',(0.,0.,1.));
#3856 = ORIENTED_EDGE('',*,*,#2193,.F.);
#3857 = ORIENTED_EDGE('',*,*,#3851,.F.);
#3858 = CYLINDRICAL_SURFACE('',#3859,0.5);
#3859 = AXIS2_PLACEMENT_3D('',#3860,#3861,#3862);
#3860 = CARTESIAN_POINT('',(123.75,-65.55,-4.6E-02));
#3861 = DIRECTION('',(-0.,-0.,-1.));
#3862 = DIRECTION('',(-0.,-1.,0.));
#3863 = ADVANCED_FACE('',(#3864),#3875,.F.);
#3864 = FACE_BOUND('',#3865,.T.);
#3865 = EDGE_LOOP('',(#3866,#3867,#3873,#3874));
#3866 = ORIENTED_EDGE('',*,*,#1010,.T.);
#3867 = ORIENTED_EDGE('',*,*,#3868,.T.);
#3868 = EDGE_CURVE('',#1011,#2205,#3869,.T.);
#3869 = LINE('',#3870,#3871);
#3870 = CARTESIAN_POINT('',(123.75,-63.51,-4.6E-02));
#3871 = VECTOR('',#3872,1.);
#3872 = DIRECTION('',(0.,0.,1.));
#3873 = ORIENTED_EDGE('',*,*,#2204,.F.);
#3874 = ORIENTED_EDGE('',*,*,#3868,.F.);
#3875 = CYLINDRICAL_SURFACE('',#3876,0.5);
#3876 = AXIS2_PLACEMENT_3D('',#3877,#3878,#3879);
#3877 = CARTESIAN_POINT('',(123.75,-63.01,-4.6E-02));
#3878 = DIRECTION('',(-0.,-0.,-1.));
#3879 = DIRECTION('',(-0.,-1.,0.));
#3880 = ADVANCED_FACE('',(#3881),#3892,.F.);
#3881 = FACE_BOUND('',#3882,.T.);
#3882 = EDGE_LOOP('',(#3883,#3884,#3890,#3891));
#3883 = ORIENTED_EDGE('',*,*,#1021,.T.);
#3884 = ORIENTED_EDGE('',*,*,#3885,.T.);
#3885 = EDGE_CURVE('',#1022,#2216,#3886,.T.);
#3886 = LINE('',#3887,#3888);
#3887 = CARTESIAN_POINT('',(144.19,-82.55,-4.6E-02));
#3888 = VECTOR('',#3889,1.);
#3889 = DIRECTION('',(0.,0.,1.));
#3890 = ORIENTED_EDGE('',*,*,#2215,.F.);
#3891 = ORIENTED_EDGE('',*,*,#3885,.F.);
#3892 = CYLINDRICAL_SURFACE('',#3893,0.55);
#3893 = AXIS2_PLACEMENT_3D('',#3894,#3895,#3896);
#3894 = CARTESIAN_POINT('',(144.19,-82.,-4.6E-02));
#3895 = DIRECTION('',(-0.,-0.,-1.));
#3896 = DIRECTION('',(-0.,-1.,0.));
#3897 = ADVANCED_FACE('',(#3898),#3909,.F.);
#3898 = FACE_BOUND('',#3899,.T.);
#3899 = EDGE_LOOP('',(#3900,#3901,#3907,#3908));
#3900 = ORIENTED_EDGE('',*,*,#1032,.T.);
#3901 = ORIENTED_EDGE('',*,*,#3902,.T.);
#3902 = EDGE_CURVE('',#1033,#2227,#3903,.T.);
#3903 = LINE('',#3904,#3905);
#3904 = CARTESIAN_POINT('',(151.81,-82.55,-4.6E-02));
#3905 = VECTOR('',#3906,1.);
#3906 = DIRECTION('',(0.,0.,1.));
#3907 = ORIENTED_EDGE('',*,*,#2226,.F.);
#3908 = ORIENTED_EDGE('',*,*,#3902,.F.);
#3909 = CYLINDRICAL_SURFACE('',#3910,0.55);
#3910 = AXIS2_PLACEMENT_3D('',#3911,#3912,#3913);
#3911 = CARTESIAN_POINT('',(151.81,-82.,-4.6E-02));
#3912 = DIRECTION('',(-0.,-0.,-1.));
#3913 = DIRECTION('',(-0.,-1.,0.));
#3914 = ADVANCED_FACE('',(#3915),#3926,.F.);
#3915 = FACE_BOUND('',#3916,.T.);
#3916 = EDGE_LOOP('',(#3917,#3918,#3924,#3925));
#3917 = ORIENTED_EDGE('',*,*,#1043,.T.);
#3918 = ORIENTED_EDGE('',*,*,#3919,.T.);
#3919 = EDGE_CURVE('',#1044,#2238,#3920,.T.);
#3920 = LINE('',#3921,#3922);
#3921 = CARTESIAN_POINT('',(132.54,-72.7,-4.6E-02));
#3922 = VECTOR('',#3923,1.);
#3923 = DIRECTION('',(0.,0.,1.));
#3924 = ORIENTED_EDGE('',*,*,#2237,.F.);
#3925 = ORIENTED_EDGE('',*,*,#3919,.F.);
#3926 = CYLINDRICAL_SURFACE('',#3927,0.4);
#3927 = AXIS2_PLACEMENT_3D('',#3928,#3929,#3930);
#3928 = CARTESIAN_POINT('',(132.54,-72.3,-4.6E-02));
#3929 = DIRECTION('',(-0.,-0.,-1.));
#3930 = DIRECTION('',(-0.,-1.,0.));
#3931 = ADVANCED_FACE('',(#3932),#3943,.F.);
#3932 = FACE_BOUND('',#3933,.T.);
#3933 = EDGE_LOOP('',(#3934,#3935,#3941,#3942));
#3934 = ORIENTED_EDGE('',*,*,#1054,.T.);
#3935 = ORIENTED_EDGE('',*,*,#3936,.T.);
#3936 = EDGE_CURVE('',#1055,#2249,#3937,.T.);
#3937 = LINE('',#3938,#3939);
#3938 = CARTESIAN_POINT('',(135.08,-72.7,-4.6E-02));
#3939 = VECTOR('',#3940,1.);
#3940 = DIRECTION('',(0.,0.,1.));
#3941 = ORIENTED_EDGE('',*,*,#2248,.F.);
#3942 = ORIENTED_EDGE('',*,*,#3936,.F.);
#3943 = CYLINDRICAL_SURFACE('',#3944,0.4);
#3944 = AXIS2_PLACEMENT_3D('',#3945,#3946,#3947);
#3945 = CARTESIAN_POINT('',(135.08,-72.3,-4.6E-02));
#3946 = DIRECTION('',(-0.,0.,-1.));
#3947 = DIRECTION('',(7.105427357601E-14,-1.,-0.));
#3948 = ADVANCED_FACE('',(#3949),#3960,.F.);
#3949 = FACE_BOUND('',#3950,.T.);
#3950 = EDGE_LOOP('',(#3951,#3952,#3958,#3959));
#3951 = ORIENTED_EDGE('',*,*,#1065,.T.);
#3952 = ORIENTED_EDGE('',*,*,#3953,.T.);
#3953 = EDGE_CURVE('',#1066,#2260,#3954,.T.);
#3954 = LINE('',#3955,#3956);
#3955 = CARTESIAN_POINT('',(137.62,-72.7,-4.6E-02));
#3956 = VECTOR('',#3957,1.);
#3957 = DIRECTION('',(0.,0.,1.));
#3958 = ORIENTED_EDGE('',*,*,#2259,.F.);
#3959 = ORIENTED_EDGE('',*,*,#3953,.F.);
#3960 = CYLINDRICAL_SURFACE('',#3961,0.4);
#3961 = AXIS2_PLACEMENT_3D('',#3962,#3963,#3964);
#3962 = CARTESIAN_POINT('',(137.62,-72.3,-4.6E-02));
#3963 = DIRECTION('',(-0.,-0.,-1.));
#3964 = DIRECTION('',(-0.,-1.,0.));
#3965 = ADVANCED_FACE('',(#3966),#3977,.F.);
#3966 = FACE_BOUND('',#3967,.T.);
#3967 = EDGE_LOOP('',(#3968,#3969,#3975,#3976));
#3968 = ORIENTED_EDGE('',*,*,#1076,.T.);
#3969 = ORIENTED_EDGE('',*,*,#3970,.T.);
#3970 = EDGE_CURVE('',#1077,#2271,#3971,.T.);
#3971 = LINE('',#3972,#3973);
#3972 = CARTESIAN_POINT('',(131.27,-68.5,-4.6E-02));
#3973 = VECTOR('',#3974,1.);
#3974 = DIRECTION('',(0.,0.,1.));
#3975 = ORIENTED_EDGE('',*,*,#2270,.F.);
#3976 = ORIENTED_EDGE('',*,*,#3970,.F.);
#3977 = CYLINDRICAL_SURFACE('',#3978,0.5);
#3978 = AXIS2_PLACEMENT_3D('',#3979,#3980,#3981);
#3979 = CARTESIAN_POINT('',(131.27,-68.,-4.6E-02));
#3980 = DIRECTION('',(-0.,-0.,-1.));
#3981 = DIRECTION('',(-0.,-1.,0.));
#3982 = ADVANCED_FACE('',(#3983),#3994,.F.);
#3983 = FACE_BOUND('',#3984,.T.);
#3984 = EDGE_LOOP('',(#3985,#3986,#3992,#3993));
#3985 = ORIENTED_EDGE('',*,*,#1087,.T.);
#3986 = ORIENTED_EDGE('',*,*,#3987,.T.);
#3987 = EDGE_CURVE('',#1088,#2282,#3988,.T.);
#3988 = LINE('',#3989,#3990);
#3989 = CARTESIAN_POINT('',(133.81,-68.5,-4.6E-02));
#3990 = VECTOR('',#3991,1.);
#3991 = DIRECTION('',(0.,0.,1.));
#3992 = ORIENTED_EDGE('',*,*,#2281,.F.);
#3993 = ORIENTED_EDGE('',*,*,#3987,.F.);
#3994 = CYLINDRICAL_SURFACE('',#3995,0.5);
#3995 = AXIS2_PLACEMENT_3D('',#3996,#3997,#3998);
#3996 = CARTESIAN_POINT('',(133.81,-68.,-4.6E-02));
#3997 = DIRECTION('',(-0.,-0.,-1.));
#3998 = DIRECTION('',(-0.,-1.,0.));
#3999 = ADVANCED_FACE('',(#4000),#4011,.F.);
#4000 = FACE_BOUND('',#4001,.T.);
#4001 = EDGE_LOOP('',(#4002,#4003,#4009,#4010));
#4002 = ORIENTED_EDGE('',*,*,#1098,.T.);
#4003 = ORIENTED_EDGE('',*,*,#4004,.T.);
#4004 = EDGE_CURVE('',#1099,#2293,#4005,.T.);
#4005 = LINE('',#4006,#4007);
#4006 = CARTESIAN_POINT('',(140.16,-72.7,-4.6E-02));
#4007 = VECTOR('',#4008,1.);
#4008 = DIRECTION('',(0.,0.,1.));
#4009 = ORIENTED_EDGE('',*,*,#2292,.F.);
#4010 = ORIENTED_EDGE('',*,*,#4004,.F.);
#4011 = CYLINDRICAL_SURFACE('',#4012,0.4);
#4012 = AXIS2_PLACEMENT_3D('',#4013,#4014,#4015);
#4013 = CARTESIAN_POINT('',(140.16,-72.3,-4.6E-02));
#4014 = DIRECTION('',(-0.,-0.,-1.));
#4015 = DIRECTION('',(-0.,-1.,0.));
#4016 = ADVANCED_FACE('',(#4017),#4028,.F.);
#4017 = FACE_BOUND('',#4018,.T.);
#4018 = EDGE_LOOP('',(#4019,#4020,#4026,#4027));
#4019 = ORIENTED_EDGE('',*,*,#1109,.T.);
#4020 = ORIENTED_EDGE('',*,*,#4021,.T.);
#4021 = EDGE_CURVE('',#1110,#2304,#4022,.T.);
#4022 = LINE('',#4023,#4024);
#4023 = CARTESIAN_POINT('',(142.7,-72.7,-4.6E-02));
#4024 = VECTOR('',#4025,1.);
#4025 = DIRECTION('',(0.,0.,1.));
#4026 = ORIENTED_EDGE('',*,*,#2303,.F.);
#4027 = ORIENTED_EDGE('',*,*,#4021,.F.);
#4028 = CYLINDRICAL_SURFACE('',#4029,0.4);
#4029 = AXIS2_PLACEMENT_3D('',#4030,#4031,#4032);
#4030 = CARTESIAN_POINT('',(142.7,-72.3,-4.6E-02));
#4031 = DIRECTION('',(-0.,-0.,-1.));
#4032 = DIRECTION('',(-0.,-1.,0.));
#4033 = ADVANCED_FACE('',(#4034),#4045,.F.);
#4034 = FACE_BOUND('',#4035,.T.);
#4035 = EDGE_LOOP('',(#4036,#4037,#4043,#4044));
#4036 = ORIENTED_EDGE('',*,*,#1120,.T.);
#4037 = ORIENTED_EDGE('',*,*,#4038,.T.);
#4038 = EDGE_CURVE('',#1121,#2315,#4039,.T.);
#4039 = LINE('',#4040,#4041);
#4040 = CARTESIAN_POINT('',(145.24,-72.7,-4.6E-02));
#4041 = VECTOR('',#4042,1.);
#4042 = DIRECTION('',(0.,0.,1.));
#4043 = ORIENTED_EDGE('',*,*,#2314,.F.);
#4044 = ORIENTED_EDGE('',*,*,#4038,.F.);
#4045 = CYLINDRICAL_SURFACE('',#4046,0.4);
#4046 = AXIS2_PLACEMENT_3D('',#4047,#4048,#4049);
#4047 = CARTESIAN_POINT('',(145.24,-72.3,-4.6E-02));
#4048 = DIRECTION('',(-0.,-0.,-1.));
#4049 = DIRECTION('',(-0.,-1.,0.));
#4050 = ADVANCED_FACE('',(#4051),#4062,.F.);
#4051 = FACE_BOUND('',#4052,.T.);
#4052 = EDGE_LOOP('',(#4053,#4054,#4060,#4061));
#4053 = ORIENTED_EDGE('',*,*,#1131,.T.);
#4054 = ORIENTED_EDGE('',*,*,#4055,.T.);
#4055 = EDGE_CURVE('',#1132,#2326,#4056,.T.);
#4056 = LINE('',#4057,#4058);
#4057 = CARTESIAN_POINT('',(136.25,-66.05,-4.6E-02));
#4058 = VECTOR('',#4059,1.);
#4059 = DIRECTION('',(0.,0.,1.));
#4060 = ORIENTED_EDGE('',*,*,#2325,.F.);
#4061 = ORIENTED_EDGE('',*,*,#4055,.F.);
#4062 = CYLINDRICAL_SURFACE('',#4063,0.5);
#4063 = AXIS2_PLACEMENT_3D('',#4064,#4065,#4066);
#4064 = CARTESIAN_POINT('',(136.25,-65.55,-4.6E-02));
#4065 = DIRECTION('',(-0.,-0.,-1.));
#4066 = DIRECTION('',(-0.,-1.,0.));
#4067 = ADVANCED_FACE('',(#4068),#4079,.F.);
#4068 = FACE_BOUND('',#4069,.T.);
#4069 = EDGE_LOOP('',(#4070,#4071,#4077,#4078));
#4070 = ORIENTED_EDGE('',*,*,#1142,.T.);
#4071 = ORIENTED_EDGE('',*,*,#4072,.T.);
#4072 = EDGE_CURVE('',#1143,#2337,#4073,.T.);
#4073 = LINE('',#4074,#4075);
#4074 = CARTESIAN_POINT('',(136.25,-63.51,-4.6E-02));
#4075 = VECTOR('',#4076,1.);
#4076 = DIRECTION('',(0.,0.,1.));
#4077 = ORIENTED_EDGE('',*,*,#2336,.F.);
#4078 = ORIENTED_EDGE('',*,*,#4072,.F.);
#4079 = CYLINDRICAL_SURFACE('',#4080,0.5);
#4080 = AXIS2_PLACEMENT_3D('',#4081,#4082,#4083);
#4081 = CARTESIAN_POINT('',(136.25,-63.01,-4.6E-02));
#4082 = DIRECTION('',(-0.,-0.,-1.));
#4083 = DIRECTION('',(-0.,-1.,0.));
#4084 = ADVANCED_FACE('',(#4085),#4096,.F.);
#4085 = FACE_BOUND('',#4086,.T.);
#4086 = EDGE_LOOP('',(#4087,#4088,#4094,#4095));
#4087 = ORIENTED_EDGE('',*,*,#1153,.T.);
#4088 = ORIENTED_EDGE('',*,*,#4089,.T.);
#4089 = EDGE_CURVE('',#1154,#2348,#4090,.T.);
#4090 = LINE('',#4091,#4092);
#4091 = CARTESIAN_POINT('',(139.,-67.43,-4.6E-02));
#4092 = VECTOR('',#4093,1.);
#4093 = DIRECTION('',(0.,0.,1.));
#4094 = ORIENTED_EDGE('',*,*,#2347,.F.);
#4095 = ORIENTED_EDGE('',*,*,#4089,.F.);
#4096 = CYLINDRICAL_SURFACE('',#4097,1.25);
#4097 = AXIS2_PLACEMENT_3D('',#4098,#4099,#4100);
#4098 = CARTESIAN_POINT('',(139.,-66.18,-4.6E-02));
#4099 = DIRECTION('',(-0.,-0.,-1.));
#4100 = DIRECTION('',(-0.,-1.,0.));
#4101 = ADVANCED_FACE('',(#4102),#4113,.F.);
#4102 = FACE_BOUND('',#4103,.T.);
#4103 = EDGE_LOOP('',(#4104,#4105,#4111,#4112));
#4104 = ORIENTED_EDGE('',*,*,#1164,.T.);
#4105 = ORIENTED_EDGE('',*,*,#4106,.T.);
#4106 = EDGE_CURVE('',#1165,#2359,#4107,.T.);
#4107 = LINE('',#4108,#4109);
#4108 = CARTESIAN_POINT('',(141.75,-66.05,-4.6E-02));
#4109 = VECTOR('',#4110,1.);
#4110 = DIRECTION('',(0.,0.,1.));
#4111 = ORIENTED_EDGE('',*,*,#2358,.F.);
#4112 = ORIENTED_EDGE('',*,*,#4106,.F.);
#4113 = CYLINDRICAL_SURFACE('',#4114,0.5);
#4114 = AXIS2_PLACEMENT_3D('',#4115,#4116,#4117);
#4115 = CARTESIAN_POINT('',(141.75,-65.55,-4.6E-02));
#4116 = DIRECTION('',(-0.,-0.,-1.));
#4117 = DIRECTION('',(-0.,-1.,0.));
#4118 = ADVANCED_FACE('',(#4119),#4130,.F.);
#4119 = FACE_BOUND('',#4120,.T.);
#4120 = EDGE_LOOP('',(#4121,#4122,#4128,#4129));
#4121 = ORIENTED_EDGE('',*,*,#1175,.T.);
#4122 = ORIENTED_EDGE('',*,*,#4123,.T.);
#4123 = EDGE_CURVE('',#1176,#2370,#4124,.T.);
#4124 = LINE('',#4125,#4126);
#4125 = CARTESIAN_POINT('',(143.65,-67.23,-4.6E-02));
#4126 = VECTOR('',#4127,1.);
#4127 = DIRECTION('',(0.,0.,1.));
#4128 = ORIENTED_EDGE('',*,*,#2369,.F.);
#4129 = ORIENTED_EDGE('',*,*,#4123,.F.);
#4130 = CYLINDRICAL_SURFACE('',#4131,0.5);
#4131 = AXIS2_PLACEMENT_3D('',#4132,#4133,#4134);
#4132 = CARTESIAN_POINT('',(143.65,-66.73,-4.6E-02));
#4133 = DIRECTION('',(-0.,-0.,-1.));
#4134 = DIRECTION('',(-0.,-1.,0.));
#4135 = ADVANCED_FACE('',(#4136),#4147,.F.);
#4136 = FACE_BOUND('',#4137,.T.);
#4137 = EDGE_LOOP('',(#4138,#4139,#4145,#4146));
#4138 = ORIENTED_EDGE('',*,*,#1186,.T.);
#4139 = ORIENTED_EDGE('',*,*,#4140,.T.);
#4140 = EDGE_CURVE('',#1187,#2381,#4141,.T.);
#4141 = LINE('',#4142,#4143);
#4142 = CARTESIAN_POINT('',(141.75,-63.51,-4.6E-02));
#4143 = VECTOR('',#4144,1.);
#4144 = DIRECTION('',(0.,0.,1.));
#4145 = ORIENTED_EDGE('',*,*,#2380,.F.);
#4146 = ORIENTED_EDGE('',*,*,#4140,.F.);
#4147 = CYLINDRICAL_SURFACE('',#4148,0.5);
#4148 = AXIS2_PLACEMENT_3D('',#4149,#4150,#4151);
#4149 = CARTESIAN_POINT('',(141.75,-63.01,-4.6E-02));
#4150 = DIRECTION('',(-0.,-0.,-1.));
#4151 = DIRECTION('',(-0.,-1.,0.));
#4152 = ADVANCED_FACE('',(#4153),#4164,.F.);
#4153 = FACE_BOUND('',#4154,.T.);
#4154 = EDGE_LOOP('',(#4155,#4156,#4162,#4163));
#4155 = ORIENTED_EDGE('',*,*,#1197,.T.);
#4156 = ORIENTED_EDGE('',*,*,#4157,.T.);
#4157 = EDGE_CURVE('',#1198,#2392,#4158,.T.);
#4158 = LINE('',#4159,#4160);
#4159 = CARTESIAN_POINT('',(139.,-63.63,-4.6E-02));
#4160 = VECTOR('',#4161,1.);
#4161 = DIRECTION('',(0.,0.,1.));
#4162 = ORIENTED_EDGE('',*,*,#2391,.F.);
#4163 = ORIENTED_EDGE('',*,*,#4157,.F.);
#4164 = CYLINDRICAL_SURFACE('',#4165,1.25);
#4165 = AXIS2_PLACEMENT_3D('',#4166,#4167,#4168);
#4166 = CARTESIAN_POINT('',(139.,-62.38,-4.6E-02));
#4167 = DIRECTION('',(-0.,-0.,-1.));
#4168 = DIRECTION('',(-0.,-1.,0.));
#4169 = ADVANCED_FACE('',(#4170),#4181,.F.);
#4170 = FACE_BOUND('',#4171,.T.);
#4171 = EDGE_LOOP('',(#4172,#4173,#4179,#4180));
#4172 = ORIENTED_EDGE('',*,*,#1208,.T.);
#4173 = ORIENTED_EDGE('',*,*,#4174,.T.);
#4174 = EDGE_CURVE('',#1209,#2403,#4175,.T.);
#4175 = LINE('',#4176,#4177);
#4176 = CARTESIAN_POINT('',(147.78,-72.7,-4.6E-02));
#4177 = VECTOR('',#4178,1.);
#4178 = DIRECTION('',(0.,0.,1.));
#4179 = ORIENTED_EDGE('',*,*,#2402,.F.);
#4180 = ORIENTED_EDGE('',*,*,#4174,.F.);
#4181 = CYLINDRICAL_SURFACE('',#4182,0.4);
#4182 = AXIS2_PLACEMENT_3D('',#4183,#4184,#4185);
#4183 = CARTESIAN_POINT('',(147.78,-72.3,-4.6E-02));
#4184 = DIRECTION('',(-0.,-0.,-1.));
#4185 = DIRECTION('',(-0.,-1.,0.));
#4186 = ADVANCED_FACE('',(#4187),#4198,.F.);
#4187 = FACE_BOUND('',#4188,.T.);
#4188 = EDGE_LOOP('',(#4189,#4190,#4196,#4197));
#4189 = ORIENTED_EDGE('',*,*,#1219,.T.);
#4190 = ORIENTED_EDGE('',*,*,#4191,.T.);
#4191 = EDGE_CURVE('',#1220,#2414,#4192,.T.);
#4192 = LINE('',#4193,#4194);
#4193 = CARTESIAN_POINT('',(150.31728,-72.70368,-4.6E-02));
#4194 = VECTOR('',#4195,1.);
#4195 = DIRECTION('',(0.,0.,1.));
#4196 = ORIENTED_EDGE('',*,*,#2413,.F.);
#4197 = ORIENTED_EDGE('',*,*,#4191,.F.);
#4198 = CYLINDRICAL_SURFACE('',#4199,0.4);
#4199 = AXIS2_PLACEMENT_3D('',#4200,#4201,#4202);
#4200 = CARTESIAN_POINT('',(150.31728,-72.30368,-4.6E-02));
#4201 = DIRECTION('',(-0.,0.,-1.));
#4202 = DIRECTION('',(7.105427357601E-14,-1.,-0.));
#4203 = ADVANCED_FACE('',(#4204),#4215,.F.);
#4204 = FACE_BOUND('',#4205,.T.);
#4205 = EDGE_LOOP('',(#4206,#4207,#4213,#4214));
#4206 = ORIENTED_EDGE('',*,*,#1230,.T.);
#4207 = ORIENTED_EDGE('',*,*,#4208,.T.);
#4208 = EDGE_CURVE('',#1231,#2425,#4209,.T.);
#4209 = LINE('',#4210,#4211);
#4210 = CARTESIAN_POINT('',(152.85728,-72.70368,-4.6E-02));
#4211 = VECTOR('',#4212,1.);
#4212 = DIRECTION('',(0.,0.,1.));
#4213 = ORIENTED_EDGE('',*,*,#2424,.F.);
#4214 = ORIENTED_EDGE('',*,*,#4208,.F.);
#4215 = CYLINDRICAL_SURFACE('',#4216,0.4);
#4216 = AXIS2_PLACEMENT_3D('',#4217,#4218,#4219);
#4217 = CARTESIAN_POINT('',(152.85728,-72.30368,-4.6E-02));
#4218 = DIRECTION('',(-0.,-0.,-1.));
#4219 = DIRECTION('',(-0.,-1.,0.));
#4220 = ADVANCED_FACE('',(#4221),#4232,.F.);
#4221 = FACE_BOUND('',#4222,.T.);
#4222 = EDGE_LOOP('',(#4223,#4224,#4230,#4231));
#4223 = ORIENTED_EDGE('',*,*,#1241,.T.);
#4224 = ORIENTED_EDGE('',*,*,#4225,.T.);
#4225 = EDGE_CURVE('',#1242,#2436,#4226,.T.);
#4226 = LINE('',#4227,#4228);
#4227 = CARTESIAN_POINT('',(147.,-67.9,-4.6E-02));
#4228 = VECTOR('',#4229,1.);
#4229 = DIRECTION('',(0.,0.,1.));
#4230 = ORIENTED_EDGE('',*,*,#2435,.F.);
#4231 = ORIENTED_EDGE('',*,*,#4225,.F.);
#4232 = CYLINDRICAL_SURFACE('',#4233,0.4);
#4233 = AXIS2_PLACEMENT_3D('',#4234,#4235,#4236);
#4234 = CARTESIAN_POINT('',(147.,-67.5,-4.6E-02));
#4235 = DIRECTION('',(-0.,-0.,-1.));
#4236 = DIRECTION('',(-0.,-1.,0.));
#4237 = ADVANCED_FACE('',(#4238),#4249,.F.);
#4238 = FACE_BOUND('',#4239,.T.);
#4239 = EDGE_LOOP('',(#4240,#4241,#4247,#4248));
#4240 = ORIENTED_EDGE('',*,*,#1252,.T.);
#4241 = ORIENTED_EDGE('',*,*,#4242,.T.);
#4242 = EDGE_CURVE('',#1253,#2447,#4243,.T.);
#4243 = LINE('',#4244,#4245);
#4244 = CARTESIAN_POINT('',(149.,-67.9,-4.6E-02));
#4245 = VECTOR('',#4246,1.);
#4246 = DIRECTION('',(0.,0.,1.));
#4247 = ORIENTED_EDGE('',*,*,#2446,.F.);
#4248 = ORIENTED_EDGE('',*,*,#4242,.F.);
#4249 = CYLINDRICAL_SURFACE('',#4250,0.4);
#4250 = AXIS2_PLACEMENT_3D('',#4251,#4252,#4253);
#4251 = CARTESIAN_POINT('',(149.,-67.5,-4.6E-02));
#4252 = DIRECTION('',(-0.,-0.,-1.));
#4253 = DIRECTION('',(-0.,-1.,0.));
#4254 = ADVANCED_FACE('',(#4255),#4266,.F.);
#4255 = FACE_BOUND('',#4256,.T.);
#4256 = EDGE_LOOP('',(#4257,#4258,#4264,#4265));
#4257 = ORIENTED_EDGE('',*,*,#1263,.T.);
#4258 = ORIENTED_EDGE('',*,*,#4259,.T.);
#4259 = EDGE_CURVE('',#1264,#2458,#4260,.T.);
#4260 = LINE('',#4261,#4262);
#4261 = CARTESIAN_POINT('',(159.73,-69.,-4.6E-02));
#4262 = VECTOR('',#4263,1.);
#4263 = DIRECTION('',(0.,0.,1.));
#4264 = ORIENTED_EDGE('',*,*,#2457,.F.);
#4265 = ORIENTED_EDGE('',*,*,#4259,.F.);
#4266 = CYLINDRICAL_SURFACE('',#4267,0.5);
#4267 = AXIS2_PLACEMENT_3D('',#4268,#4269,#4270);
#4268 = CARTESIAN_POINT('',(159.73,-68.5,-4.6E-02));
#4269 = DIRECTION('',(-0.,-0.,-1.));
#4270 = DIRECTION('',(-0.,-1.,0.));
#4271 = ADVANCED_FACE('',(#4272),#4283,.F.);
#4272 = FACE_BOUND('',#4273,.T.);
#4273 = EDGE_LOOP('',(#4274,#4275,#4281,#4282));
#4274 = ORIENTED_EDGE('',*,*,#1274,.T.);
#4275 = ORIENTED_EDGE('',*,*,#4276,.T.);
#4276 = EDGE_CURVE('',#1275,#2469,#4277,.T.);
#4277 = LINE('',#4278,#4279);
#4278 = CARTESIAN_POINT('',(162.27,-69.,-4.6E-02));
#4279 = VECTOR('',#4280,1.);
#4280 = DIRECTION('',(0.,0.,1.));
#4281 = ORIENTED_EDGE('',*,*,#2468,.F.);
#4282 = ORIENTED_EDGE('',*,*,#4276,.F.);
#4283 = CYLINDRICAL_SURFACE('',#4284,0.5);
#4284 = AXIS2_PLACEMENT_3D('',#4285,#4286,#4287);
#4285 = CARTESIAN_POINT('',(162.27,-68.5,-4.6E-02));
#4286 = DIRECTION('',(-0.,-0.,-1.));
#4287 = DIRECTION('',(-0.,-1.,0.));
#4288 = ADVANCED_FACE('',(#4289),#4300,.F.);
#4289 = FACE_BOUND('',#4290,.T.);
#4290 = EDGE_LOOP('',(#4291,#4292,#4298,#4299));
#4291 = ORIENTED_EDGE('',*,*,#1285,.T.);
#4292 = ORIENTED_EDGE('',*,*,#4293,.T.);
#4293 = EDGE_CURVE('',#1286,#2480,#4294,.T.);
#4294 = LINE('',#4295,#4296);
#4295 = CARTESIAN_POINT('',(149.69,-63.,-4.6E-02));
#4296 = VECTOR('',#4297,1.);
#4297 = DIRECTION('',(0.,0.,1.));
#4298 = ORIENTED_EDGE('',*,*,#2479,.F.);
#4299 = ORIENTED_EDGE('',*,*,#4293,.F.);
#4300 = CYLINDRICAL_SURFACE('',#4301,0.4);
#4301 = AXIS2_PLACEMENT_3D('',#4302,#4303,#4304);
#4302 = CARTESIAN_POINT('',(149.69,-62.6,-4.6E-02));
#4303 = DIRECTION('',(-0.,-0.,-1.));
#4304 = DIRECTION('',(-0.,-1.,0.));
#4305 = ADVANCED_FACE('',(#4306),#4317,.F.);
#4306 = FACE_BOUND('',#4307,.T.);
#4307 = EDGE_LOOP('',(#4308,#4309,#4315,#4316));
#4308 = ORIENTED_EDGE('',*,*,#1296,.T.);
#4309 = ORIENTED_EDGE('',*,*,#4310,.T.);
#4310 = EDGE_CURVE('',#1297,#2491,#4311,.T.);
#4311 = LINE('',#4312,#4313);
#4312 = CARTESIAN_POINT('',(157.31,-63.,-4.6E-02));
#4313 = VECTOR('',#4314,1.);
#4314 = DIRECTION('',(0.,0.,1.));
#4315 = ORIENTED_EDGE('',*,*,#2490,.F.);
#4316 = ORIENTED_EDGE('',*,*,#4310,.F.);
#4317 = CYLINDRICAL_SURFACE('',#4318,0.4);
#4318 = AXIS2_PLACEMENT_3D('',#4319,#4320,#4321);
#4319 = CARTESIAN_POINT('',(157.31,-62.6,-4.6E-02));
#4320 = DIRECTION('',(-0.,-0.,-1.));
#4321 = DIRECTION('',(-0.,-1.,0.));
#4322 = ADVANCED_FACE('',(#4323),#4334,.F.);
#4323 = FACE_BOUND('',#4324,.T.);
#4324 = EDGE_LOOP('',(#4325,#4326,#4332,#4333));
#4325 = ORIENTED_EDGE('',*,*,#1307,.T.);
#4326 = ORIENTED_EDGE('',*,*,#4327,.T.);
#4327 = EDGE_CURVE('',#1308,#2502,#4328,.T.);
#4328 = LINE('',#4329,#4330);
#4329 = CARTESIAN_POINT('',(159.73,-63.05,-4.6E-02));
#4330 = VECTOR('',#4331,1.);
#4331 = DIRECTION('',(0.,0.,1.));
#4332 = ORIENTED_EDGE('',*,*,#2501,.F.);
#4333 = ORIENTED_EDGE('',*,*,#4327,.F.);
#4334 = CYLINDRICAL_SURFACE('',#4335,0.45);
#4335 = AXIS2_PLACEMENT_3D('',#4336,#4337,#4338);
#4336 = CARTESIAN_POINT('',(159.73,-62.6,-4.6E-02));
#4337 = DIRECTION('',(-0.,-0.,-1.));
#4338 = DIRECTION('',(-6.315935428979E-14,-1.,0.));
#4339 = ADVANCED_FACE('',(#4340),#4351,.F.);
#4340 = FACE_BOUND('',#4341,.T.);
#4341 = EDGE_LOOP('',(#4342,#4343,#4349,#4350));
#4342 = ORIENTED_EDGE('',*,*,#1318,.T.);
#4343 = ORIENTED_EDGE('',*,*,#4344,.T.);
#4344 = EDGE_CURVE('',#1319,#2513,#4345,.T.);
#4345 = LINE('',#4346,#4347);
#4346 = CARTESIAN_POINT('',(162.27,-63.05,-4.6E-02));
#4347 = VECTOR('',#4348,1.);
#4348 = DIRECTION('',(0.,0.,1.));
#4349 = ORIENTED_EDGE('',*,*,#2512,.F.);
#4350 = ORIENTED_EDGE('',*,*,#4344,.F.);
#4351 = CYLINDRICAL_SURFACE('',#4352,0.45);
#4352 = AXIS2_PLACEMENT_3D('',#4353,#4354,#4355);
#4353 = CARTESIAN_POINT('',(162.27,-62.6,-4.6E-02));
#4354 = DIRECTION('',(-0.,0.,-1.));
#4355 = DIRECTION('',(6.315935428979E-14,-1.,-0.));
#4356 = ( GEOMETRIC_REPRESENTATION_CONTEXT(3) 
GLOBAL_UNCERTAINTY_ASSIGNED_CONTEXT((#4360)) 
GLOBAL_UNIT_ASSIGNED_CONTEXT((#4357,#4358,#4359)) REPRESENTATION_CONTEXT
('Context #1','3D Context with UNIT and UNCERTAINTY') );
#4357 = ( LENGTH_UNIT() NAMED_UNIT(*) SI_UNIT(.MILLI.,.METRE.) );
#4358 = ( NAMED_UNIT(*) PLANE_ANGLE_UNIT() SI_UNIT($,.RADIAN.) );
#4359 = ( NAMED_UNIT(*) SI_UNIT($,.STERADIAN.) SOLID_ANGLE_UNIT() );
#4360 = UNCERTAINTY_MEASURE_WITH_UNIT(LENGTH_MEASURE(1.E-07),#4357,
  'distance_accuracy_value','confusion accuracy');
#4361 = CONTEXT_DEPENDENT_SHAPE_REPRESENTATION(#4362,#4364);
#4362 = ( REPRESENTATION_RELATIONSHIP('','',#32,#10) 
REPRESENTATION_RELATIONSHIP_WITH_TRANSFORMATION(#4363) 
SHAPE_REPRESENTATION_RELATIONSHIP() );
#4363 = ITEM_DEFINED_TRANSFORMATION('','',#11,#15);
#4364 = PRODUCT_DEFINITION_SHAPE('Placement','Placement of an item',
  #4365);
#4365 = NEXT_ASSEMBLY_USAGE_OCCURRENCE('1','=>[0:1:1:2]','',#5,#27,$);
#4366 = PRODUCT_RELATED_PRODUCT_CATEGORY('part',$,(#29));
#4367 = MECHANICAL_DESIGN_GEOMETRIC_PRESENTATION_REPRESENTATION('',(
    #4368),#4356);
#4368 = STYLED_ITEM('color',(#4369),#33);
#4369 = PRESENTATION_STYLE_ASSIGNMENT((#4370));
#4370 = SURFACE_STYLE_USAGE(.BOTH.,#4371);
#4371 = SURFACE_SIDE_STYLE('',(#4372));
#4372 = SURFACE_STYLE_FILL_AREA(#4373);
#4373 = FILL_AREA_STYLE('',(#4374));
#4374 = FILL_AREA_STYLE_COLOUR('',#4375);
#4375 = COLOUR_RGB('',0.313304153717,0.484529207832,0.410020903123);
ENDSEC;
END-ISO-10303-21;
